x,y,label
0.6960299917469456,-3.3689091696204256,바깥
2.531718477550478,3.277742434358754,바깥
1.691093829981277,2.023301316819613,중간
-0.9174630195593725,-4.070700350392361,바깥
1.5812582477266421,3.206419782419636,바깥
0.445506812338541,0.8310249032925227,안쪽
2.505321777269864,0.3999255724648466,중간
-4.056723272229112,-0.007099631284479875,바깥
1.0682984325915486,-1.7851851070855946,중간
-0.13112065677167123,-1.827029740554083,중간
-3.4220856606754326,-1.7949008519792906,바깥
-0.018258905413504025,0.16018400618332318,안쪽
1.7447818022608814,-0.20731077062994782,중간
-1.431613025346916,-1.6802236794102643,중간
-2.6441320307712184,-2.8190183352400426,바깥
-1.2418550624472044,-3.8726016717503864,바깥
-0.11283826350157798,-0.07861002715146363,안쪽
-0.4982243064881396,-3.9885289786088682,바깥
0.03701150142371309,2.4137489010487414,중간
-1.7410107563932826,0.09750640194242857,중간
1.2564194279117582,-1.9981088933777922,중간
3.48307404860854,-1.592724251469548,바깥
2.1737355465081936,-0.49912060608882014,중간
2.1109223239778063,3.0556337001268816,바깥
-0.5361189738133045,-2.3516777160549927,중간
0.06749179900808161,-0.2649458134192256,안쪽
-0.1089315070944271,-2.1375495928698616,중간
-3.8006484914766157,-1.4110504220890345,바깥
0.21778248197225,-2.2223835655666164,중간
2.2915254683360318,-2.552840012819407,바깥
0.08121480442372767,-3.7221414229949925,바깥
-1.5663015703605692,-2.057937804109097,중간
-1.4571097047261794,3.346179130439486,바깥
2.3814265895289553,1.1774585528327077,중간
-0.5872627175797981,-2.39455138922353,중간
-2.6414572443879414,-2.1882221551363448,바깥
0.560178283339117,-0.3289729387042779,안쪽
-0.5604299339352675,0.16197964452454117,안쪽
0.860240288204775,0.48445928834574387,안쪽
0.3731485516578255,2.458749399789194,중간
-0.6646505124573305,-0.6749218944781331,안쪽
1.8579548178708034,0.00013582267321283326,중간
0.014773857428457689,-0.030102447010050683,안쪽
0.6532457161606826,-0.6891004636980841,안쪽
0.08616926470546085,0.02014400008759918,안쪽
2.262968548984978,-0.3701697784138205,중간
-3.1908790955031385,2.002878803261375,바깥
0.07595951198267936,3.8459644832942876,바깥
-3.965250270318429,0.6158901780665,바깥
0.6686256796214286,-1.781115375925271,중간
-1.737127266975271,-1.1826526192962707,중간
-3.1376053356760245,-2.375884177632717,바깥
-0.08308653844814659,0.03761888305137442,안쪽
3.3353522907461093,-2.490017717716536,바깥
1.5200309163823003,-3.204709213835349,바깥
3.412457366399909,1.0426946108657815,바깥
-1.8570609903290465,2.876299577680269,바깥
-0.377499034918569,2.2619371450686523,중간
-0.6617464381615948,-1.8235139771663682,중간
-1.8259060617769505,1.4584853427071307,중간
-2.4255050386682795,3.0630116536782666,바깥
0.246005408179132,-2.421148548193992,중간
3.603487324999107,-1.5746324431272885,바깥
1.70928738525982,0.5580659476364574,중간
1.3724166928054575,-3.314849088814622,바깥
0.6553959925780264,-0.32345534347605565,안쪽
1.0166159096176304,2.0021129769472323,중간
-0.2189420466142036,-0.5926910180750911,안쪽
3.5199199012881106,1.9144154234745334,바깥
-1.6896944300801013,0.9778434096540248,중간
-2.1961619879265544,-1.0630167643654234,중간
1.7001587358516643,-3.2889771222073385,바깥
3.577703522912507,1.2812692315270746,바깥
2.7696528107721696,2.0888520311165895,바깥
-0.07063553610153267,0.16241555898273893,안쪽
0.7895178981413143,-0.31795459127887304,안쪽
2.995657731018721,-2.977318956629509,바깥
0.04949132379554879,0.22102249897121107,안쪽
0.723494154903679,0.4952516427296808,안쪽
2.227526674185455,-0.44617769478477054,중간
-0.003839045449497026,-0.024010996512687392,안쪽
-0.420138893762424,0.3435595019134891,안쪽
-3.2904363671594004,-0.9412903274131383,바깥
0.5945801839937085,0.6868455628373763,안쪽
0.28246496951186495,-0.2881179694597897,안쪽
-2.4354437986671393,-0.5185220123286093,중간
0.29732203225935705,2.160611569799485,중간
-0.8955835845243107,-0.10007898382110043,안쪽
0.008219718259718218,0.030335292064888317,안쪽
0.15386075664042875,0.20807197418907683,안쪽
1.3050539001832997,2.104977315922811,중간
-0.2029787392774672,-0.4552408780794668,안쪽
0.9553162622225124,0.1476224180589028,안쪽
-2.5839903017323365,-3.362781707236507,바깥
1.9259283250255246,0.8835948304538469,중간
2.030147264137223,3.795525676174688,바깥
-0.7918907912026087,-0.16972210479739594,안쪽
0.22592062246246777,1.826794679715749,중간
0.8057218168566477,-2.4795721973716347,중간
3.482687093461252,-1.5189580650786236,바깥
1.932614353276138,-1.5167826878674582,중간
2.0518073530842993,1.5179385594784414,중간
-2.608516815170159,0.2729382812363326,중간
0.340362614833988,-1.746551197043574,중간
4.134235320847334,-0.4558645302790126,바깥
2.163073936285298,3.5733530305480703,바깥
0.028969568717989367,1.733371535138597,중간
-2.4260220767182563,-0.6722870800915514,중간
0.37458314127855563,3.5638105231948796,바깥
-1.4428275332300096,2.079928022477428,중간
-0.15872666924707474,-0.039863668985587276,안쪽
3.0354319224930446,2.06190939456948,바깥
0.029407769395086013,-3.659552682031403,바깥
-3.4177495343425552,1.2783790035438258,바깥
-2.147106731088018,0.6384246728367341,중간
0.05753823924415705,-0.06234411564761278,안쪽
3.926745039491768,-0.5173450983891729,바깥
-1.1969335564987253,-3.2239616668413107,바깥
2.1073444584993344,0.10391331385561217,중간
0.1703833509656514,-0.18626305211571587,안쪽
-0.3964710881632662,-0.3623452959745924,안쪽
0.0005764608214971025,2.130985142543003,중간
0.728444994658594,1.8434840625396325,중간
2.0844476911228016,3.1224399147682784,바깥
3.522781576127255,1.9420521045375168,바깥
0.6718336347993893,-0.699552361328518,안쪽
-2.6018702069504993,-0.6926318181966501,중간
0.04969718010437078,-4.333464462950545,바깥
-1.5215348914118667,-2.03493487791395,중간
-0.7354246732621649,0.2595311483887143,안쪽
3.62008206079642,2.037063062758755,바깥
-2.4270675206163723,-0.6965757490896266,중간
-3.3931844776809386,2.696755690550105,바깥
-0.13013072531478462,-0.4860165522150629,안쪽
0.04998141143178056,2.3417922042355697,중간
-0.006240060137138828,2.1225392557451066,중간
3.1352352229277765,1.5416791210681822,바깥
0.6898192365006935,-0.05355731083438882,안쪽
-2.0311200931872535,-2.7504731948157772,바깥
1.7412297964650778,0.2573322018682524,중간
0.7970248230964108,2.4124517213642673,중간
-3.7774037124684687,-0.5594485794857501,바깥
0.12278317587788479,-2.1676933217311145,중간
2.021851274288837,0.1961838115725396,중간
2.2982123828130674,0.9469338994616038,중간
-4.351470485553191,-0.35277941182613026,바깥
1.7289978356136695,-0.6705128175619315,중간
0.784926551176088,-3.7125017663892943,바깥
2.7248057532260175,3.0204276044217404,바깥
0.19112441580281697,-0.620439742487264,안쪽
2.10195199733928,0.29125109791530135,중간
3.447221865531397,2.2311250429552465,바깥
-0.7208160577585735,1.6298957215825491,중간
0.1419711145650694,0.7567920945957186,안쪽
-0.9391535101843943,3.711981329804225,바깥
-0.05426340783565208,-0.14342989718929672,안쪽
-0.3305689818725596,0.22672892745557782,안쪽
2.315002424555429,-0.03169891899110365,중간
0.6301662395010313,-0.36041941994997845,안쪽
-0.015149701348758505,2.407787437046828,중간
0.14187813074277789,-3.60884807935378,바깥
1.1813416189406547,1.4812246425362692,중간
0.19930478463176957,0.19219478366077133,안쪽
-0.044372704669479436,0.013736954617865062,안쪽
-0.0988229049982603,-0.1869339271253766,안쪽
-3.411364208029437,2.0046797927660878,바깥
0.6641609333080407,-1.8414983800617672,중간
0.3002775429845848,-0.5551300409857619,안쪽
0.11248775277696295,-0.0882786871871584,안쪽
0.011972627578730029,0.5295152418407927,안쪽
-0.010217595869525814,0.003613229062135734,안쪽
-0.20437842760506472,-4.051257623220478,바깥
0.22687740844205517,3.717595296853059,바깥
0.09872348117997781,0.5397799976437804,안쪽
0.008047664167018253,-0.04240298457698907,안쪽
-0.37201350131909666,0.4142352880592708,안쪽
-0.0676239700345984,-0.0697873170306751,안쪽
0.1723324640396162,0.04042565252315442,안쪽
1.289546952269524,-4.085921372307783,바깥
-1.8531004339872328,1.5729210674673535,중간
-0.5528452858331608,3.982282203237507,바깥
0.7567838059302975,-0.24609803698910182,안쪽
-0.1339114926037047,0.8954240533811341,안쪽
3.6359181854380793,0.5512217515893438,바깥
-2.151584882286434,3.8014051918630214,바깥
-1.3738351902390458,-2.121561850049974,중간
-1.7995379396557938,1.367938247848429,중간
-1.853722336819275,3.7227176390992676,바깥
0.9308630807245579,-0.32778003382869214,안쪽
-1.4331914828200103,-3.176320987175864,바깥
1.3422998110904798,-1.8864877847573223,중간
0.6921859198094217,-0.140202481563462,안쪽
0.1289833768079516,2.570989088872946,중간
-0.3784995367200665,1.7303434619625049,중간
2.8222304235397195,2.734858031644122,바깥
-0.13998597955845493,0.5036402847675757,안쪽
-0.3263375909238111,0.18592022768860234,안쪽
2.159096324561508,-3.4569691317784303,바깥
1.535429419475706,3.4185309153258143,바깥
-2.287053384376016,-2.8183984149801815,바깥
-1.1182993925656899,-1.3624803793958402,중간
2.2083233351536955,-0.5976593477186571,중간
2.600886408841562,-0.7124351267896525,중간
-2.464945372267601,-0.07429531482300891,중간
-1.2267729722872955,3.519094607150389,바깥
2.296849853185621,0.8160439659440729,중간
0.30586307482467245,1.7253566167545624,중간
0.6187985586097624,-0.7468288173057243,안쪽
0.25480062497982275,0.1450834179004143,안쪽
0.16947846797772745,-0.0022000161631970665,안쪽
-1.1665353742354292,-3.3838216692635634,바깥
0.20791406904598675,-0.30683438704795696,안쪽
1.0756325555043051,-2.206863266593906,중간
-0.8423547758896618,2.01899124184971,중간
-0.3787500488633915,-0.06963232769583881,안쪽
1.2405627579121141,3.4948163096928364,바깥
-1.4584441296867232,3.3564029121473054,바깥
0.6133219287908018,3.819135297418682,바깥
-2.2388737746471774,1.457577147100663,중간
0.6380558838771422,-0.4634331134056629,안쪽
1.2476977628179908,-2.3558136784462826,중간
0.09919397445870909,0.019655814847512734,안쪽
2.8162995303383935,1.9758117528461088,바깥
1.3473058044732975,-1.7027198925661573,중간
-2.092536196023849,-1.681886999369646,중간
-2.5999463364410267,-2.8170531423697627,바깥
-0.06811402012950263,-0.23270673689147284,안쪽
0.5073658368101042,1.920001479995308,중간
-0.8903045590270785,-1.7978908151205923,중간
2.0169628840830485,1.304878501320091,중간
1.2254101224814755,1.3334364961714753,중간
-1.6214816233369747,3.0886286412465767,바깥
1.6813526558569585,0.7402873209277879,중간
-1.8531498939518412,-3.715217161810893,바깥
-0.22806197307359313,-0.160098683534078,안쪽
1.0558263187748086e-05,0.005061572834147545,안쪽
-0.11821306390160831,-3.930514606154874,바깥
0.5003787894355037,0.07000733495318914,안쪽
3.3012247909548402,2.752165508311339,바깥
-2.113606341658594,-0.7416712061252575,중간
-0.42298992097453286,-0.1663944299373614,안쪽
2.2460798037310457,-0.7754645844796909,중간
2.8735769757929748,-2.9451230687695706,바깥
-1.4070791161306848,-1.4290752679929886,중간
-0.3155283326127235,2.448980364383981,중간
1.0412123541919858,-3.48208648305826,바깥
-2.361139178995869,-0.3008422482395811,중간
-1.5998309963857797,3.8924567622719506,바깥
-1.660078752330528,4.000813231299273,바깥
0.2874859331855302,-0.666348739832145,안쪽
0.16156397923795696,0.07336124528354997,안쪽
-0.028316603636896233,-0.6174793046006037,안쪽
-0.06924367893964463,-0.14748878077758032,안쪽
-1.4404221984186087,1.28031438924674,중간
-2.2521827578536517,-3.074556736261561,바깥
-1.5485734671257885,-1.335985748713528,중간
2.3821066991646194,-1.1913175840197952,중간
0.4436798007699836,0.4657982034910014,안쪽
-0.30725533454242476,0.11335199635986876,안쪽
-0.15263772521400337,-0.10427317281608658,안쪽
0.3327404897919031,0.729934080848361,안쪽
0.05797307260669238,-0.05546689819555682,안쪽
-0.5466582853427677,-0.007539801437174691,안쪽
-2.2617925315521825,0.9452694624384527,중간
-3.2200928159394606,-1.642263260132056,바깥
2.3179761512043178,-2.892167151404099,바깥
0.5981648264515681,0.3571011212591165,안쪽
-0.2032303518617761,0.10320786019078225,안쪽
-0.4637736113929279,-0.4255075593477567,안쪽
-1.7511203933133963,1.2426005464638894,중간
-0.05186192210945884,-0.047856965478163135,안쪽
-3.005416830410855,3.1911018676164464,바깥
0.539976584609056,2.142421860519512,중간
4.128382724787799,0.4228141498563732,바깥
-0.5104215152213066,0.03582850219052303,안쪽
4.27472674423699,0.5437855445268085,바깥
0.6060704767873082,0.7564562001361477,안쪽
1.9166298058982552,-1.8669279938144516,중간
3.2305593707570575,-1.2584473866849388,바깥
-1.8909082659126728,-0.1991234841035707,중간
-0.47509455243317017,0.5154055582809315,안쪽
2.530878790131073,2.476876406647082,바깥
-3.2556918038351497,-2.343568045231086,바깥
-0.9116552539289687,-0.23096979643839824,안쪽
-0.5402280881016863,0.5518293182969207,안쪽
-0.9043542171579653,-0.04246451222915925,안쪽
0.14203510540202813,0.601680648387451,안쪽
-0.6850198927617369,0.44240828181477015,안쪽
-1.5129347372456394,1.1715605958872135,중간
0.39045120864428706,3.481438434911137,바깥
0.1345058702190622,0.9875186863494235,안쪽
-0.8735801034592939,0.07334399698615289,안쪽
-3.61146555603647,-2.066397913198389,바깥
-0.7642119375247218,-0.2771067757912266,안쪽
-0.6162087012679078,2.140093577034301,중간
0.728698046906281,0.22150303584473763,안쪽
0.010768051949733203,0.037808641817631654,안쪽
3.323193927708112,-1.3035885749093548,바깥
3.389391542479461,-0.6615416540747319,바깥
-0.07569345785834923,-0.15578635427331924,안쪽
2.138379921403943,-0.5095678132888979,중간
-2.0529823185151432,1.355835393262226,중간
1.696718073564632,3.311826617600832,바깥
0.12835632324637228,-0.13539537933782414,안쪽
-0.0001925211380896176,-0.775132799452703,안쪽
3.487462899768358,-0.9724472449932557,바깥
-1.9237925472907091,-3.0184121129134165,바깥
-0.5684143938999306,1.943249259805725,중간
-2.0657498676236306,-3.5704835266273958,바깥
0.6870323019013841,-0.19655520568949308,안쪽
-1.0796573987433973,-3.8394391960232808,바깥
-3.9655444925899674,-1.026134514886117,바깥
-0.022019743528818934,-0.030166506224155013,안쪽
1.6255103123744026,0.6914044255187272,중간
-1.3541863183164364,3.6589645817115395,바깥
0.10887455198162767,0.3361608677133248,안쪽
0.7551399774737649,3.7918484601636684,바깥
-0.5230850797641452,0.003654299330264896,안쪽
-0.5355188630146812,2.343272460811402,중간
-1.033243702319398,-1.7843546453085286,중간
0.9034232749067678,-4.243207483475223,바깥
1.7965997773595153,1.1181846824223318,중간
2.5379092126132434,-0.5364694251861353,중간
-0.05022030795676686,0.06900804626701117,안쪽
-4.170686352451652,-1.3705586561558358,바깥
0.012567256160888347,0.007016878759215194,안쪽
-0.7955776426734623,0.34082077320990123,안쪽
0.9596089950620866,0.07018966899713175,안쪽
-2.6628069972112005,2.4707405122814636,바깥
3.3433658152493675,2.2543479806677538,바깥
-0.21332392948531825,-0.6220511371491623,안쪽
3.899969479081645,-0.05515316776576638,바깥
-0.6867066734459226,-2.293554209798035,중간
-3.8476884374342655,1.504844417484952,바깥
-1.644649748205881,3.4723066788032595,바깥
0.09594286828009374,-0.29581239062259074,안쪽
2.645092626256548,3.3431462700125802,바깥
-2.955760221367082,2.391197983119966,바깥
-2.6634118150156283,2.4148415662658365,바깥
-0.056013990479476895,0.052804728839509936,안쪽
-2.115933910213487,0.7761753847222884,중간
-0.2087226626644503,-0.14084607256394882,안쪽
0.028546946741367627,-0.010739510141994596,안쪽
3.6108454396346747,-0.23844460578386067,바깥
1.9376870017326873,-1.0903376670088605,중간
-3.0255463169283794,2.728277532093478,바깥
0.9490956896900623,-1.8143226060119773,중간
-0.2855786698046489,0.14284964999547642,안쪽
-1.9612907441523868,-1.3071251759324485,중간
-2.7116368073321038,-3.1860149997499763,바깥
-3.4057920225529688,-1.2394618651514293,바깥
0.6097656359840858,0.5169553704690938,안쪽
0.6121018409871556,-0.22446563245261422,안쪽
0.22594122340828965,-0.05360316550460481,안쪽
-3.0977603672315155,3.025926500200337,바깥
-0.0869065934999577,0.0015428828321807566,안쪽
-0.4753289981400388,-0.39818659717771626,안쪽
3.457457022331555,-1.042219512264997,바깥
1.6816705625035782,1.310624261180121,중간
-3.2805217831653932,1.4744808714704707,바깥
2.5163987402664727,-3.4889822545636657,바깥
0.406627438361435,0.14570732823490762,안쪽
-0.41578340842200484,0.20142869676846242,안쪽
-1.0515119802015667,1.7625451701909833,중간
3.4447336974409866,-0.18343685142426894,바깥
1.141661193397034,1.275901700940316,중간
-0.681736150327258,-0.30684785589032343,안쪽
-3.400239719409697,-2.52988684382714,바깥
-0.16364631538830546,-0.7537093810858999,안쪽
0.22401532219265183,-0.7441602410492306,안쪽
1.901934117109958,0.017612978786570612,중간
-2.159931304575703,2.7687510102684647,바깥
-1.6049330842009535,2.124793823639818,중간
1.618157294703123,-1.5135396578605234,중간
-0.037277199320119504,-0.016523394919299036,안쪽
-2.420561231377123,-3.1438421389456614,바깥
-0.4549374155982553,0.07313700129576572,안쪽
1.132556766349223,-1.5998542860103915,중간
-3.202225237550891,2.243370656844279,바깥
0.8299800318876654,0.17975969403376535,안쪽
0.07655576036221812,0.028701129953005184,안쪽
2.5819150311942725,-0.5425560678322214,중간
-1.5475691405216714,-1.3954978487246632,중간
0.572873431803304,-0.27952264748660083,안쪽
1.2883996048526913,2.015948507248915,중간
-1.1234073953085253,1.382932041657359,중간
0.08952162350092044,1.7643824164117623,중간
1.0109874753247174,-1.9921131978725501,중간
-4.345947876439958,0.10271241303777379,바깥
3.769134364793309,1.548389340077391,바깥
-2.155162071533145,-0.14147196167120835,중간
-1.0197695962626285,1.5934967665096813,중간
0.2905977173356722,-1.984439778847274,중간
1.8537358958047645,3.0318943346686797,바깥
0.19563355341661737,0.007853740488962237,안쪽
-0.4134539414136967,-0.2858319186072771,안쪽
3.713721009512852,-1.61455840256189,바깥
-0.04515229096189889,0.3200334449517815,안쪽
0.6877115023717206,-0.3788854442375348,안쪽
1.5301247977314054,0.7947045627390149,중간
0.965537828631139,2.275649881795202,중간
-1.7464927534613033,1.7392672068243629,중간
-3.806507539270234,-1.7155649931908719,바깥
-2.6262866181144315,0.39168979673202653,중간
-0.12488209482273127,0.8917158404214165,안쪽
0.06789012476433988,0.5869198179939836,안쪽
-0.19711829603769915,-0.5490813815525247,안쪽
-0.16258199665427686,1.807636268218673,중간
-0.33531783479884303,-2.3099310533939343,중간
4.071058086507331,0.028446956578126063,바깥
2.14563832048194,0.26185284588772423,중간
0.16452631981926338,0.35629236930741764,안쪽
-0.436374093372872,-2.4676384989677205,중간
-0.004647178129188133,-0.00517067252476014,안쪽
-4.114068420267773,-1.4733291791961909,바깥
3.81720293820459,1.1242354527176366,바깥
0.030679897826662722,-0.3966709235139267,안쪽
0.6423526254045174,1.579915546985265,중간
0.35782678957454084,0.33842823077785555,안쪽
-0.9757460637620128,-2.3884571834397423,중간
0.016710011977440656,-0.32252388890493605,안쪽
-0.5061548677141989,0.803695915865303,안쪽
-2.31729104931794,2.784180959436335,바깥
0.7986567155906834,-0.36346194458997044,안쪽
2.4929369673248565,3.0129565442531914,바깥
1.3997560412564152,-2.034244253458084,중간
2.54217246412564,3.3504318876911996,바깥
0.26265672195893114,-0.7794735161668015,안쪽
0.36672179743215183,0.12279801043310265,안쪽
-0.3532423444500856,0.2648943746673997,안쪽
1.939189820747134,1.6131204140711293,중간
-0.09142066121499366,-0.06949646767423436,안쪽
-0.003046659936127742,-3.461807120040445,바깥
-0.03523882869833481,-0.2555232049351161,안쪽
2.299555893331493,2.549936536459029,바깥
0.7029793255512068,3.768843230045747,바깥
3.1223017371578767,1.8739606490743144,바깥
-3.765579745015529,-1.1950524346587446,바깥
0.11512018488847929,-0.6121600182119565,안쪽
1.7866553032192019,-0.38703602592122505,중간
-1.823875005673008,-1.931444962417614,중간
-0.20913306113567032,-0.009513249789764588,안쪽
-0.418368098237552,3.52573701253505,바깥
3.6940129041350334,-2.009952862889466,바깥
-0.7593557300992815,0.6195504206971951,안쪽
3.4814220952013537,1.916940772314119,바깥
-0.9364858503570571,0.02138513221241428,안쪽
0.25498657974787886,-4.050643632588528,바깥
-0.5355125385057973,-0.7905656363130625,안쪽
0.399571089286044,0.433988273886156,안쪽
1.7780282120734903,0.5154905411080786,중간
-0.24220342923070295,2.5073927665481377,중간
-0.0371289873054781,-0.34861594153400205,안쪽
0.07620993423615016,-0.8892995061896491,안쪽
0.03869462541273397,0.02383483690543426,안쪽
0.2519240579960161,-1.8870243771351758,중간
0.2860470307878523,0.18004949939543782,안쪽
-1.425978331005618,-2.1488876116734366,중간
-0.03059297495465383,-0.047352576551467795,안쪽
-1.8850035918463997,3.414328768240823,바깥
0.4238157056506372,0.08191588060361182,안쪽
2.5492367172100527,-0.6351814345467965,중간
-1.308676699092027,1.916787602367847,중간
-2.5383019174466837,3.4965432218019967,바깥
3.7683444519594773,1.5317494318542637,바깥
1.9273958760861307,1.2585692746538235,중간
2.3673388602974326,-0.3144743152321178,중간
-0.7701118874285194,0.23851244072637667,안쪽
-1.7983115504070784,-3.7988553518861923,바깥
0.4743098528501163,-0.8360128369070867,안쪽
0.30190713437080613,2.2399134580936853,중간
-0.5482042624466247,-3.514311982072509,바깥
0.8822532858574891,-0.22021065648687752,안쪽
-0.07410400517777217,0.5177895663351203,안쪽
-1.3663118903110916,3.993428088736038,바깥
-2.621761375904683,3.2256430319600264,바깥
-0.10014592822777282,-0.8929560027117549,안쪽
0.6328288001392827,0.12560111145603692,안쪽
0.7541525613896481,-0.240522964839871,안쪽
0.15543190909937854,-2.092899287059025,중간
0.5470394567284665,-0.5938917720878019,안쪽
0.06815243046555254,-0.06471360937152823,안쪽
3.694026704893698,-1.305738837572015,바깥
2.742631818201779,-2.6400252844123098,바깥
0.3570658472804433,-0.577653824165757,안쪽
1.8852335399777356,0.5336087415372252,중간
1.6452138000642764,-1.101734713300573,중간
-2.35939771299289,1.0739062686217093,중간
-2.880268346466499,-2.0531618736924706,바깥
-0.010963036386340745,-0.03937074584927836,안쪽
-0.450753444501207,0.219863426033243,안쪽
-3.8985407564502887,-1.7167500231104327,바깥
-2.2195694883709334,1.5229419228835537,중간
0.17799802312892882,-0.3449530335761232,안쪽
-3.4808383616116885,2.256683537622249,바깥
-2.01711660754663,3.45058482865814,바깥
0.7189657871696151,2.075458934955242,중간
-1.8552983410773651,-3.3190603227953184,바깥
-0.4680071962230736,0.024739879501811408,안쪽
2.0332297169093865,-3.785938496957079,바깥
0.23594035567777782,0.18751205720790634,안쪽
-1.4456429745702188,-1.7867746124520838,중간
0.3834958850167813,3.740820876286458,바깥
-0.6289590962512486,1.8933034306312364,중간
-3.7507099349232633,0.39514591876336014,바깥
-0.352306148187159,-0.3044041596930013,안쪽
-1.6619465158048736,-3.101491169973339,바깥
-0.158387375418781,-0.3555156621549054,안쪽
-3.1697419861775797,2.5587736766617963,바깥
-0.41130597543771463,0.3433393462227092,안쪽
-0.3001584763112869,-0.5317534441166393,안쪽
-1.9540514039997852,-0.2650826906933958,중간
0.46371651566125704,-0.17151801889357463,안쪽
2.54316703317629,-2.844721617669069,바깥
-1.5598291530482846,0.8230202125161237,중간
1.8710062303980426,-0.23196028033583932,중간
-2.256737226590559,-1.4547530868514584,중간
-0.5050362435416014,-0.19863894730060574,안쪽
4.219728448100409,-0.4594349835230862,바깥
2.879188893550726,1.82406532317001,바깥
1.498176153943855,3.7753181149001147,바깥
0.021647060829315817,2.121717753142219,중간
0.7734209109571197,0.18315322200778658,안쪽
-0.49001362085960865,-3.681357930554757,바깥
0.48354833114586204,-0.09409355969044554,안쪽
-0.5999611695835929,1.609842576178809,중간
-1.5284111624831043,-1.5026766799405562,중간
-0.6055999152872958,0.2808595322636001,안쪽
1.0999080100414302,-2.047118518156757,중간
-0.04741058181374748,-0.05310424090104311,안쪽
-0.0745103153132471,0.16880823290419536,안쪽
-0.4848931749826348,-1.6639783495057199,중간
2.340220026774865,-2.931213778835411,바깥
0.08391945123735577,0.1988372239139699,안쪽
-2.1409112417093956,-0.6146609892896864,중간
0.09269072793387488,0.055217650925586594,안쪽
-0.15822938238320866,-0.07086512609216027,안쪽
0.21722222453955733,0.10759639183372709,안쪽
-0.8646668099697169,0.009802843106947082,안쪽
-3.653854791203127,2.008394693570953,바깥
1.1724199053914401,3.5054944262428345,바깥
4.071654206101767,-1.568612543611946,바깥
-0.6597192364556582,0.018694118594056387,안쪽
-1.9716837810040382,-3.905173604192425,바깥
1.4980727200081443,2.029454685249347,중간
0.060588132076631315,-2.2604109308928018,중간
1.185365163993512,-1.8729932314791078,중간
0.33018130800296874,-0.2567246409113169,안쪽
2.9979394933249055,-3.0796863690937193,바깥
-1.5165631758054483,1.292817003195686,중간
-1.8814550604198972,-1.0594544372578218,중간
2.049702495720968,0.00173466590479894,중간
-2.3392344513881573,-0.7415599812173658,중간
0.6125836365266475,-1.5987804212045487,중간
-3.6620030218861275,0.37398012099654293,바깥
1.4226150520732375,-1.8589336322636139,중간
-1.5057682667438281,-3.9218491521256698,바깥
-0.29389557098769026,0.21873818499606104,안쪽
-2.4686058299980815,-0.17290273418016275,중간
2.6626895381429407,2.4449289962838523,바깥
0.5010000254733367,2.4496492893239536,중간
-3.796607594445928,-0.49280898463585115,바깥
-2.3119727551688483,1.130799022535662,중간
3.5513468071321723,-2.2772143024623897,바깥
1.0717153266825097,-3.313741408849762,바깥
-3.3723375447107813,-1.7341606559182967,바깥
0.012545583895272577,0.07744683400920747,안쪽
0.4452795458954211,-0.7316426546244861,안쪽
0.5187418996147255,-0.04033540881033949,안쪽
-0.4104143385474067,0.31325089045464855,안쪽
0.27023711320216925,0.4705689133645328,안쪽
0.8300191733628606,4.058242185812847,바깥
1.2202191980636576,2.1222929582220975,중간
2.291024462973179,0.5275255001478466,중간
2.843525025532208,-3.183344984963607,바깥
2.035938767196407,-0.641446219367689,중간
-3.11834445041545,2.2856506817670006,바깥
-0.1896120461738222,0.49772324083952263,안쪽
-2.4683652439866073,-0.351461496992378,중간
-0.31220776804069394,2.6232119710392383,중간
0.38948029014411334,2.576875582551544,중간
-1.4273661981408032,-1.8199767165200273,중간
0.18661268643329906,-0.10130944272765702,안쪽
1.487062906199427,-1.1904690594953558,중간
-0.0432044799951299,0.013345449955801706,안쪽
0.09127177796107562,-0.0016492138976269943,안쪽
1.5332918432081308,-1.7152292714274382,중간
-0.9367873687814777,-0.22163347214127668,안쪽
3.0274164433983857,1.704159078667588,바깥
0.28688893602286436,-0.9260494907848069,안쪽
-1.1407468831922132,2.228615536866466,중간
-1.8638894080918564,0.8263588940799425,중간
1.0821710034052041,-1.394579925424174,중간
-0.42293000697012045,-0.4655097353652644,안쪽
-1.5791772796057584,1.383230434145819,중간
2.281375991446031,0.21725438862426766,중간
-0.14251125385459407,-0.12909534956454777,안쪽
1.1845368022977067,-3.8491883450178097,바깥
-0.344672924501272,-3.4497980522916554,바깥
-0.4506673153700994,0.25605585206477816,안쪽
1.0679737506420726,3.9839356289736783,바깥
-0.6846988858088955,0.2001376212852535,안쪽
1.9626640095220365,0.9676514142402974,중간
-2.736735014579681,3.2630284471693756,바깥
3.4230975406476354,-0.7507361031978362,바깥
-1.7998947200381756,-1.3347417911944293,중간
-0.5726660506417568,0.18273711113348282,안쪽
0.3432282438941155,0.22234406521979053,안쪽
0.725719720646109,-0.023227397023491858,안쪽
-0.13454245481681698,0.8774491688630434,안쪽
0.19472328764121877,-0.15565814069366998,안쪽
3.2218561963483756,1.206505889718653,바깥
-0.8932984729361081,0.07069268737707753,안쪽
1.3018666342546161,-2.2714462572972205,중간
-0.8544449377575944,1.6325063638912292,중간
-2.0931898294740767,-0.9775973501730025,중간
-1.6412621545570962,-3.470705487471793,바깥
-0.8022166854531878,0.3404290672531158,안쪽
-0.8812778171700774,-1.7064875276019793,중간
-0.5867899462679163,2.4352074900560448,중간
1.5496907800008501,-3.778415498963363,바깥
2.1129866251281446,0.8036613618404864,중간
1.9282510804042592,-0.1452246075780149,중간
-0.1651475929191303,-1.9474015312252662,중간
1.7053108080819939,-0.31779865025463205,중간
0.5737461622399818,0.28554470725523523,안쪽
-0.7928706634151937,2.323727382646709,중간
2.485606397265448,-2.457500520414093,바깥
1.7341568780895704,1.746188833751462,중간
3.0779555260419027,-2.8935012325485885,바깥
-0.511363108025403,0.20762690200608871,안쪽
0.04729501531885482,0.6358008420935306,안쪽
-0.958234794026104,4.02236222175131,바깥
-0.8118625672932421,-4.07723937650063,바깥
3.4921712716663253,0.8998856137843955,바깥
-2.8800748622139096,1.8846615470971049,바깥
-3.4633376351321226,1.374867516088163,바깥
-2.6385842727250024,-3.264786239630827,바깥
-0.09602597926642574,-0.6648013393016144,안쪽
-1.580083795772934,2.052300623691313,중간
1.6832246921947545,3.623324471470637,바깥
0.1449153982067968,-0.4404721763136114,안쪽
2.5998787561385144,-2.463690383758588,바깥
-1.1577908027139001,3.7163627577597484,바깥
-1.2327714954517839,-1.2308226553438202,중간
-1.5161076386877044,1.0602347332778659,중간
-0.02582784603776156,0.19703005977931468,안쪽
-0.3323264375992943,0.12973848688614026,안쪽
-2.4552578500685356,-0.6585151170588829,중간
-3.300263639506243,-1.2161345418518859,바깥
4.07191733427523,0.5387015302636543,바깥
-2.2653979150955794,-1.1925969712119606,중간
-1.0151949265771432,-4.186508321113231,바깥
0.6844575331022879,0.13765051508265033,안쪽
-2.0437232545397213,0.9186538641362111,중간
0.8203831661541914,-1.828325091370917,중간
3.2284756763318536,2.604683200605105,바깥
0.1875687929594802,0.771552946403196,안쪽
-0.004987242871686312,-0.007727429519430383,안쪽
-1.7776940173500813,0.7148470448371588,중간
3.2129047116922873,2.7472398473301607,바깥
-0.02537090756157535,0.0135926268712285,안쪽
0.01820951165846314,0.01449126212766521,안쪽
-0.5537541132297611,-0.7654663065356946,안쪽
0.3515159233445785,3.6583903008652303,바깥
0.6567556215991824,-2.3031419347780018,중간
0.8440771986778832,-0.27286628004861485,안쪽
0.052103344231918036,0.20649207153555235,안쪽
-2.234076412588583,-0.3007320397481971,중간
0.012152284800541877,0.1382942726216659,안쪽
0.13973125154693664,0.05568140147641197,안쪽
-0.2645563636800753,-0.7498873347290954,안쪽
4.016187700471157,1.2594111160055719,바깥
1.9317092800988633,2.991143320231187,바깥
1.7191556368936776,-1.611211501163438,중간
0.29799517464607667,0.1305323714723258,안쪽
-1.8009065448549635,-0.8967384066943297,중간
2.1960387367392014,-0.5126616772400552,중간
0.387278747998336,-0.5387483354576246,안쪽
-1.5217606552353546,3.470232279801345,바깥
-0.7965687689586487,0.5877920193684645,안쪽
-0.24255513937671586,-1.825932040199201,중간
0.018510627456310554,0.6332592289796941,안쪽
1.3890820078682347,-2.081747994230325,중간
2.521875584198057,2.6295404406689578,바깥
-2.1460394797646067,3.133196684365568,바깥
0.1009056808333602,-0.9307007063280756,안쪽
-0.20380941857490303,-0.8878344757611291,안쪽
-1.4064816477915125,3.8500897227186517,바깥
-3.479638034888775,0.22673382388938212,바깥
0.6696170153164281,-3.76047422491982,바깥
-0.5287661183503752,-0.06370161497401161,안쪽
-0.49124018618650034,-2.137832940058058,중간
0.1994748539137162,-0.5784235018014541,안쪽
-1.2245894044504637,1.6193066417880333,중간
2.411681002470828,-1.2025386520762837,중간
-0.380224426110216,0.5838424987861269,안쪽
0.4049759332553483,0.19744495776362464,안쪽
-3.859931495759227,0.7947710974374713,바깥
-1.9993158287551964,1.4912265234492885,중간
0.050438347007075036,0.03867346690270689,안쪽
-0.9511522335010062,4.177953184078501,바깥
-1.6670764200756947,1.005193917213391,중간
1.7429992324152623,-3.100077467947464,바깥
2.957190966813152,-2.2236440599845504,바깥
-0.23218499926422853,0.7753422509538513,안쪽
-0.7174215933469849,3.3803129705499106,바깥
3.3210533111276628,-0.9356905273142533,바깥
2.086769143395583,0.18067506368644912,중간
-3.946695417653362,-0.001444700920379323,바깥
2.103049687065618,1.0184337078536845,중간
-0.2801249904298911,0.7442983857630683,안쪽
-0.09857959879503182,0.06314070823701537,안쪽
0.793077710666399,2.2133510139015624,중간
-0.3996609500847249,-4.11972651474455,바깥
2.7698628903260616,-2.104965305692399,바깥
0.05178309460600897,0.022103618833351754,안쪽
0.3532832410645691,0.060734093585808134,안쪽
-3.8111614523810604,0.6014227668087366,바깥
0.0411949422358859,0.050345669963806135,안쪽
-1.0805090737593714,-1.519879744745511,중간
0.3500075257449513,0.36526440744393307,안쪽
-3.547628884054977,0.9461604086273043,바깥
0.11498464990024418,-0.027229703894350612,안쪽
0.6297910654102399,-0.7416958632681572,안쪽
-2.080079237553502,-1.6500353587562218,중간
0.9284798800092653,0.04415362300055989,안쪽
-3.466456685403986,2.0260651676195227,바깥
-0.4542317767192979,0.347008011119977,안쪽
0.21134893868552934,3.601344642285215,바깥
0.5611099992227234,3.8174138658910475,바깥
0.4490522934696505,0.8663944359937914,안쪽
-0.16045320413685285,0.010677016573477756,안쪽
-1.870647521760648,-1.833546333930742,중간
3.602929963300889,1.262329976867781,바깥
0.394342882890719,3.8057453170466555,바깥
3.683237108407808,-0.8159483469378684,바깥
-2.4235842325299064,0.8632383272254467,중간
1.272255315068016,3.626081070729832,바깥
-0.5057083795401305,0.2627418653081837,안쪽
1.9169169555129497,3.89144853939973,바깥
3.7436050546205184,2.250058090919748,바깥
1.935281338644836,1.8220979024209991,중간
-3.951915073327287,0.41790524193708056,바깥
0.6263758235545966,0.038502877101543015,안쪽
-0.5131604409403827,-2.144668570218289,중간
-0.27804385256272457,-0.587490193419568,안쪽
1.075435846958669,1.8381718850862803,중간
-0.16659024348707077,0.543343684420858,안쪽
-1.0286284940671744,-2.462266390409508,중간
0.32930442556175377,0.7111052240587982,안쪽
-0.9060868552210548,0.285699758543937,안쪽
2.22294921153581,-0.6037816104307094,중간
-3.0030665374084995,1.6763548179414298,바깥
-0.10927927809038256,0.21384096333117766,안쪽
-4.1683080926740965,0.5667790688661193,바깥
-3.378046983664279,1.2745818677230063,바깥
-1.0179338387565786,3.297762867752906,바깥
0.38160656681948274,-1.771954880877653,중간
-0.1909722188390096,0.3632563381895595,안쪽
-2.7378498480782465,-2.7603322078739922,바깥
0.7376999639132232,0.1528968713430242,안쪽
-1.7844613191078154,1.6949386480653728,중간
-1.5764183947742225,3.8268946177938705,바깥
-0.48478522467904545,1.7772035529986203,중간
-3.6364076291690557,1.8098845028132295,바깥
-1.606081658852447,-1.328792376625224,중간
-1.8246288729451827,0.8029490421381011,중간
1.6430580395587093,-1.3872474336416687,중간
-0.5694626979152871,0.33859712483814886,안쪽
-0.8833840789231329,3.6110674797060236,바깥
0.19144501236790284,3.445258125608969,바깥
0.015394241369162898,0.12612450677020595,안쪽
2.339106983219219,1.0712800007735317,중간
0.1257507372702618,-0.024134807858886848,안쪽
-3.5514521884196375,2.5307729809801374,바깥
3.5918582099986947,1.4756856767179316,바깥
-1.74486218047752,1.6278861940513423,중간
3.2267732915178677,-2.3362166154324053,바깥
-3.1938702253528954,2.9194508400007604,바깥
-0.3780936233731968,1.8259723427520194,중간
0.04789856812732818,-0.05477391958320464,안쪽
-1.6243182202528195,1.0361443970783968,중간
-0.6387545932226418,-2.222608516165041,중간
-0.5629140099981657,-0.5347381629881475,안쪽
-0.6322418907974782,3.6813828615718096,바깥
0.7593629257579589,-0.12128310554366319,안쪽
0.09653060312232414,0.5998271332082111,안쪽
-0.3913905452531753,2.501260354709816,중간
-1.0479522447767509,3.475260875385045,바깥
0.13228852315947093,-0.3603778801309844,안쪽
-2.0099002583370846,-0.1900636252801649,중간
2.438287734143355,-2.894483360108887,바깥
-1.8863867076839858,-1.010938643006023,중간
0.8416116444543419,-1.9745395869185454,중간
0.05816361221935795,-4.377968437021593,바깥
-3.9128712790916174,1.8510756053007038,바깥
0.8438586653314399,2.557179125783328,중간
2.136815058124388,0.787185322218804,중간
-0.970345182682914,1.5869142111679007,중간
-0.042555430714760374,0.3962260196577231,안쪽
0.10876692263222397,-0.07829328194547239,안쪽
-1.9852167332363593,1.270168092853309,중간
3.7592531930834876,-0.5765644375558511,바깥
0.33779993616980275,-0.7439744432767985,안쪽
1.7451165709338585,0.2106196915503213,중간
2.122547796599027,-0.6015419936536751,중간
-0.21347408059426948,-0.6231421324623988,안쪽
0.4396147886217767,-0.5616555564808434,안쪽
0.41430429325426493,-3.9753209780308674,바깥
-0.2962104133683615,4.216466848616363,바깥
4.27499523914879,0.6825757744141218,바깥
2.5501571097104208,0.6455462021427023,중간
0.9851070609870488,-0.0988468740008193,안쪽
-2.617722516768861,2.9759085219898602,바깥
0.8729585917565801,0.24420275394616348,안쪽
2.291297369282339,0.5729229653524123,중간
2.690386878877814,-2.3394597533652983,바깥
0.36794052910744446,-0.23665179999273545,안쪽
-2.059080881771247,3.811983433442376,바깥
3.223630327873678,1.7884725029574489,바깥
-2.965400511710821,-2.139187210537053,바깥
2.7281924176404697,2.1660821691536727,바깥
-0.9317713922066401,3.5043189783303292,바깥
-1.8247917442221542,-3.7275784366719282,바깥
0.04830591229729765,0.01837223829791842,안쪽
-1.2537295723049926,-1.8361254882160114,중간
-3.197890346790506,1.792352848927382,바깥
2.0949699746423693,-0.7326488918390456,중간
2.8866086505084896,-2.5007295612267946,바깥
2.0889285847809282,-1.3267214161077,중간
-0.6097051443694506,-0.33561843286264925,안쪽
-2.9343988043220297,-1.7760580098716803,바깥
0.6401407423917903,0.6416370479566657,안쪽
0.13784869339655856,0.24209567268087062,안쪽
-0.013422906756976372,0.1738490067217706,안쪽
1.990708096191444,1.0693816089188228,중간
-2.1472274582114776,0.5561363645205939,중간
-0.06338343721263329,0.07431272933749791,안쪽
0.033912712374091214,-0.10469648528808224,안쪽
0.6380720192089376,2.1081179804484838,중간
0.3268246320674334,0.0966059673259223,안쪽
2.4282212016243703,-0.0790697734384437,중간
1.940486879706881,-3.214347364636022,바깥
-0.29670995871664196,-0.3251113934385542,안쪽
-0.27621427417177585,0.6930285972612668,안쪽
-3.3596848113306477,1.5671539589798384,바깥
-1.0053095003454124,3.3945913601842266,바깥
-0.7575916738706717,0.01963626308151346,안쪽
-0.48288805626311165,4.210307176294562,바깥
-0.21770015949551785,0.25989967251643803,안쪽
1.7078174702020428,3.02845157221329,바깥
0.031363527276510685,4.13136731235189,바깥
0.06849479318457628,0.08242756408638562,안쪽
0.42758812874191554,-0.5030198488966028,안쪽
3.3242595141941074,1.186563260685262,바깥
0.04910953277203197,0.6952835371171211,안쪽
2.1009388301207563,-0.9452669046999916,중간
-2.311565510270012,2.8616568063858594,바깥
-0.2154400574482714,-0.1423929272632201,안쪽
1.5375214652037763,-1.796992303185241,중간
0.859419326065838,-2.293065382973121,중간
2.8429635477453576,3.1445522236681738,바깥
-2.2864930670664654,-2.908158661404937,바깥
-0.6777615348836943,-2.452425792214588,중간
2.0664024046310474,-3.295050138035701,바깥
1.2737521238545366,-1.7451322145492734,중간
-1.1887572812548892,-3.799318630148744,바깥
-2.0545884695161027,-0.11489091220751353,중간
2.436895794594911,0.8201410707282298,중간
-1.321797684169448,2.013678698558732,중간
-0.559341210890284,2.175905704545293,중간
-1.6343129400356444,3.425233560790293,바깥
-0.1099686962117269,1.8320566293613465,중간
0.24183148325041387,-0.3142669437277791,안쪽
0.08972064748427769,1.7783396627779424,중간
-0.30829580106124577,4.322223968240325,바깥
0.20870810914997084,-4.127727075701259,바깥
0.352706548764657,-1.666298455839679,중간
-2.2309339833243294,0.3704674123686165,중간
3.4309406076506703,-0.24096209753092696,바깥
-0.577977961129684,-2.4443667778814926,중간
0.7174465211222244,-0.5347770342890426,안쪽
-0.010502672158518076,-0.12705531433485542,안쪽
2.3368553056997037,0.16793726418958566,중간
-2.369026162978789,2.9452056997997436,바깥
-0.5898578722574426,2.4595445520937247,중간
0.11203871499766815,-0.11786261198349264,안쪽
0.26436696020526246,-0.5693219741434008,안쪽
2.047437680834956,-0.7989860847155935,중간
3.5212631047987615,-0.48489274599109056,바깥
-3.9353062932885714,1.961779047568522,바깥
-1.9428749407793104,0.5126555215571704,중간
2.5228600931407112,0.7880525582141914,중간
0.1599186947850923,-0.35142745762809763,안쪽
-1.225151535384258,1.5230695834516204,중간
3.449710804002541,1.3554950419253298,바깥
1.6516131995277734,-3.902237000473632,바깥
0.15378057018836766,0.2229386564869893,안쪽
-3.7062866390681677,-0.5008282051062312,바깥
-0.7425933899642366,3.8145203112971107,바깥
-3.3125174073122747,-0.8149928971419718,바깥
-0.016793166112429186,0.3283224190312779,안쪽
0.5057101507596155,-0.09188274258776906,안쪽
0.4170044323526893,0.7366062622465473,안쪽
-0.9926693737775879,-3.4200711894826856,바깥
-1.282859467413058,-4.133694698608349,바깥
0.06547954528329022,0.1292553794154249,안쪽
1.3691204666583532,-3.3429454794079727,바깥
0.5235162623126475,-1.733389682151766,중간
-2.8759986210513286,1.9433772491905845,바깥
-0.2635252976894679,2.3743056677329126,중간
-1.1367927406553713,1.3969496333627236,중간
0.9413789162342163,-2.339831209463482,중간
-0.01530909828851294,0.15568615811711664,안쪽
-4.249865567857183,-1.1303881179728206,바깥
-4.1789310256328,-0.38075949659217445,바깥
0.1412456195766543,-2.0333676748053806,중간
1.0966238766669705,3.548279481421874,바깥
0.6012723714456084,2.4698639999464227,중간
1.725482193453638,0.18443616418411687,중간
1.526970108369687,1.2878517397246023,중간
3.2629315315171215,1.4758561917677597,바깥
-0.3973727158302418,-0.17413264559009917,안쪽
-1.957020853503561,-1.22019342394442,중간
-1.897464462753709,-0.004782517756204145,중간
-0.0016426085006571187,-0.75086927110094,안쪽
-0.3502866144785581,-0.5277271359010337,안쪽
-0.0462516529556973,0.04332633703984125,안쪽
3.518288111655144,1.8418899216487121,바깥
3.3144737024676574,-1.7566761134801436,바깥
-0.641216554259343,-0.5152795483437695,안쪽
-3.031832779194631,-1.8081646867752248,바깥
1.8860488817754166,0.9907272915392519,중간
-1.8490213965076299,1.3821787308594935,중간
0.18031392073940955,1.904125888813962,중간
-0.2373344519220201,-0.08406356179680657,안쪽
0.5187719977725926,-1.8918680725486097,중간
-0.6494999194132564,-0.33758700438667977,안쪽
-2.04729404058327,0.01420587796833891,중간
-0.138473907483692,0.0495538670416547,안쪽
-1.632305400393539,-3.077455101579165,바깥
-0.08180161968447729,-0.053665799232678016,안쪽
0.651527659488309,-0.6778972015075149,안쪽
0.7771454709074807,1.8160880211737278,중간
-0.31672219970262716,1.7335972513741533,중간
-0.057738145591439145,-0.738515031392819,안쪽
0.15750758799006478,-0.8300636426270486,안쪽
-1.174537320194808,-2.2308973224699993,중간
3.399569887555867,1.2695123874299994,바깥
0.03206080605518871,0.07476448907747248,안쪽
0.08329062333058715,0.8058203176290781,안쪽
0.2790799610915355,3.3891824765588336,바깥
-2.1065052618290854,-1.511228834705279,중간
0.011656755349661528,-0.01015022409794952,안쪽
2.8367310589914077,2.90690519743888,바깥
1.2788791228752294,-1.9412699187470368,중간
2.0146500477703486,-3.8036423986287096,바깥
-1.9722181875506961,0.6728411344858697,중간
0.8143250318714196,-1.6613247948706305,중간
-3.4716508381374243,2.058264992600763,바깥
-3.1805529691861723,-2.4451729885763656,바깥
0.12483406754208597,-0.34221190401399265,안쪽
0.08189923556173756,0.4409035057660698,안쪽
0.9074874945047358,0.10234624639509797,안쪽
-2.8681988812514843,2.2787751752551157,바깥
0.07854570657726599,0.6894889524543419,안쪽
-2.4088765697243937,1.081896736022326,중간
0.20781617037283012,-0.20859671467349952,안쪽
0.1593250036992904,-0.5508598322000938,안쪽
-2.1761003516436785,3.4654210968323,바깥
-2.5465258382220464,-3.1165244089447373,바깥
1.8826838157891952,-1.453813059695812,중간
0.17644306039335284,-0.40194994045944604,안쪽
-3.7549721672928027,0.5096801098864701,바깥
-1.3967392013128663,1.2075663635796823,중간
2.4099703263728642,0.8226653652351342,중간
-0.3541894140562922,-0.42015693672535553,안쪽
2.2580844899249537,-3.3735208983231844,바깥
-0.18212127874315892,-0.02165765600278372,안쪽
-0.15541810021715066,3.9930585028404098,바깥
0.16607138948394096,-0.07256526625514256,안쪽
-1.9374927331868765,2.8324878075685382,바깥
4.244605619168705,0.17249698648538447,바깥
1.9906484390588604,-1.6752564746309777,중간
0.2212980441596446,-0.3022611233493269,안쪽
-1.8394320456636601,1.3790547235140143,중간
-3.89007577915155,-0.13929968788068411,바깥
-2.254648859833199,1.2497065378232655,중간
0.17161131861758133,0.37765695391718024,안쪽
1.7042601569160396,4.052369628724743,바깥
-0.022248899195435122,-0.5451629731264044,안쪽
-0.44837807163859145,2.1665929649312057,중간
0.724923168075578,0.5740598296975393,안쪽
-1.8375156792936167,-1.8325316413311716,중간
2.9226096811126836,2.221299832572959,바깥
-0.3497656314456211,-0.5803080798146665,안쪽
-1.5586508916644344,2.200187777936563,중간
0.288492193329754,-2.6029883678167063,중간
-0.5222013462774564,2.180580986718426,중간
-2.223811188283256,0.20190164780519482,중간
-0.5092986042561513,0.22104948066765043,안쪽
0.6846011177422077,-0.3020163469734183,안쪽
3.354512036355344,1.3188241231140228,바깥
-0.1218994052417477,-0.2062290824826669,안쪽
0.11931406198480372,0.20551339841340296,안쪽
2.7230210944532893,2.7559042230686366,바깥
0.8369231245118225,0.22665853018416357,안쪽
-0.8568791175225675,-0.16999350119941628,안쪽
0.7839435729736687,0.42190292639545685,안쪽
0.2970408301024251,-3.44419347078012,바깥
1.599604381921704,-0.9625138097833148,중간
1.0857542773113529,1.3618230949696897,중간
-2.7739188512442783,2.676673746149701,바깥
0.01809465997634125,-0.0021490021908015327,안쪽
-1.7468042775658146,0.25532819302108894,중간
0.08330288766567445,-0.042843798083352196,안쪽
-0.34300278112534927,-0.042836466950201144,안쪽
0.0036870114522042216,0.07370440226538189,안쪽
-2.1452024946687436,2.834713429021583,바깥
-3.4214224241275564,-2.3014465521258596,바깥
0.06155155635360185,0.047477149182815974,안쪽
1.4882438626183503,2.1647781158479034,중간
-0.09406582640338958,-0.2637042153434062,안쪽
1.392795647282825,1.0374590960017291,중간
0.5153309572737349,0.05981399237807454,안쪽
-0.023538688647539364,-0.02813516502647482,안쪽
-0.01873064855718167,-0.04201673330482607,안쪽
1.8030022598008635,-0.5581278508327595,중간
3.4594482813842165,0.9830812604872947,바깥
-1.7652927965871674,-0.3475387407926259,중간
0.5180880827626863,4.099795503285265,바깥
0.29306883850790494,-0.7014677860373064,안쪽
-0.9622867354263582,-1.5824962921766268,중간
-3.6601464214647144,0.9177761367153685,바깥
2.175801744173533,-3.1534488635602465,바깥
0.3366991351760594,0.16480789958048553,안쪽
2.3147453815823678,0.4290592880578591,중간
1.7232528385473804,-3.730668497280691,바깥
-3.4290429779916933,1.8240833486335375,바깥
-2.36736261389384,-0.08866278307156714,중간
-4.054062136645287,0.047637062480592476,바깥
-0.6116631695143141,-2.3407563130600484,중간
3.769959689718836,-1.0200012820467592,바깥
1.1862194511207496,4.011591383477002,바깥
-0.5027054402654777,3.8699129152925678,바깥
-3.798597490554644,1.4535725990044388,바깥
-2.0119982082372405,1.7917170836187657,중간
0.5098216627852646,-0.03940711899804798,안쪽
-0.15692598899645066,-2.0630934639117697,중간
0.7684021065405123,2.4329668139267064,중간
0.6275875867659952,0.10560318414786805,안쪽
1.4228637143514542,-1.6078887892425549,중간
-0.41210239492417255,0.6332686152427408,안쪽
-3.7337953529516716,0.16533828844078022,바깥
-1.184432541830174,-1.9310206410422415,중간
-1.6241466233043407,3.630936810132916,바깥
-3.7323453386238272,2.2942956208592893,바깥
0.026540310187094747,2.613152173584137,중간
0.30894364036777067,-2.4261425273608994,중간
1.3220977204972217,-1.5640081977819709,중간
0.4532820975170105,-0.13007475419186432,안쪽
-0.0034119056105140757,-0.004341967023334632,안쪽
3.180783231300949,1.7807895804590852,바깥
-2.2132807728708523,-2.996428987528629,바깥
-0.204724528228137,-0.6649466939278519,안쪽
1.9013343438588857,-1.1317359136971135,중간
2.352745379638932,1.1281042776551733,중간
-1.6848879253243836,-3.3411087664740613,바깥
-2.2272814184089937,1.1308371377079898,중간
0.11451280862371692,-0.8881715315395816,안쪽
-0.4522538148018669,0.2829261805661118,안쪽
1.5913055094059128,1.4664073726899889,중간
0.6783231202654159,-3.5777653036756885,바깥
0.6447454173468193,2.4588065407415045,중간
0.22928718314784616,-3.5865413895178877,바깥
-0.02072389474334324,0.5022930527106673,안쪽
-1.1655547423100836,1.3288853666315679,중간
1.3580443701820768,-3.5053339201861977,바깥
-3.4221680277450153,-0.5523893362762223,바깥
1.9107484870480465,-0.5216763550998849,중간
0.03614623611127295,-0.036653941742279074,안쪽
2.1485329200371597,0.018273887585083963,중간
2.03783988310659,0.4902048888913626,중간
0.07225027549892495,0.5024422297523421,안쪽
2.2152112009297014,0.4363774685139693,중간
-0.7369081609332805,1.9392617263777088,중간
-2.074150081954751,1.1992639500831943,중간
-1.5965206380309795,-1.705422701382695,중간
-0.05138082553538631,0.006759418324651308,안쪽
1.3923026865732309,-3.506182663183942,바깥
1.2093449194619614,1.3619574014360312,중간
1.3965947355072137,1.1445296399585285,중간
2.7178896952842866,2.7809124203186704,바깥
1.0499999307930312,-1.6778062998040093,중간
0.7270114528441849,3.3853817560221477,바깥
-1.432247404069794,1.4921701268691838,중간
-0.05442008396669472,0.1784029405106273,안쪽
-0.0617231304891656,0.15222847149112165,안쪽
-4.117243936640254,-1.5252428745910644,바깥
-0.11362594779943541,0.16419123992498527,안쪽
4.1764060608239735,-0.11630712560597552,바깥
2.174129507367153,-0.4110984575632172,중간
-1.7717023650575503,0.036791623249611854,중간
-0.6161688027886096,1.9784368024148935,중간
-0.2543979469266033,2.3173857235478272,중간
2.2242344966562593,-0.8368875435500259,중간
2.984353209292229,-2.979346380802117,바깥
-0.25597179815853477,-0.4238851387520342,안쪽
-0.5852098779112033,1.6947993489757185,중간
1.5560374219606303,-0.8457042564003397,중간
-1.5103417521309177,1.8944384232805564,중간
0.5493574632276973,-2.4440082377352357,중간
0.46711349272906405,-0.5083797835365066,안쪽
-1.4786227784699768,3.8930083234067547,바깥
1.7212177196338136,3.996558723753309,바깥
-1.7516558264463946,-1.9709222617745872,중간
-1.3479940129939834,-1.477358654323067,중간
-0.06983962208520195,-0.17467683854137356,안쪽
-0.1502590651203767,0.23718206690171514,안쪽
-0.7501632340495827,-0.40431229484821374,안쪽
0.010813127097809952,0.594032308218338,안쪽
-3.170947370930836,-1.8706655105272985,바깥
0.8718653238721896,0.3468914382574987,안쪽
-1.8779673620004917,-3.035998844634616,바깥
-3.747125502646132,-1.9724727410658243,바깥
-0.04152546231918062,-0.017920481058710178,안쪽
-0.8909121298986885,-0.08758344045136678,안쪽
2.3380879722858467,-3.354139715937461,바깥
0.08786373885109312,0.15924926529233016,안쪽
-3.147315371537458,-1.3360502185394292,바깥
0.25076839898973113,-2.0992045685440353,중간
1.3654945993480716,-3.996801334120505,바깥
0.6550758591514834,2.036758671162048,중간
3.362631717596172,2.336405896685412,바깥
-3.6551475983550623,2.157135669435289,바깥
-2.360028097588609,3.581464187523622,바깥
-1.8037671475144517,-0.07848158244240334,중간
-0.5727644761032457,-4.269985195028578,바깥
-0.28231247309100416,-0.15560099262931706,안쪽
-2.117723769982584,0.9351636628092822,중간
-0.8947712515192068,0.09283760195564282,안쪽
4.290198517217784,-0.21683744587242315,바깥
-1.2223864900148285,2.1527715404731538,중간
0.35539447293557036,-0.7897856856789844,안쪽
-0.29375941721521887,-0.5497326256500676,안쪽
-3.2031887534235604,-1.5598273759329655,바깥
-1.2307079074455796,-1.2555867068335596,중간
-2.4670547947874697,2.415621776147591,바깥
-2.6216334435784763,-3.406341777277149,바깥
-0.7330649219376101,-0.5362487667448719,안쪽
0.165408650189652,0.7799486385243516,안쪽
-0.01517264996498837,0.24726591728797265,안쪽
0.05321433804079594,-0.023279609734394316,안쪽
-1.2933381663926415,-1.1202251448724114,중간
-0.1943540284044498,-2.548295319561573,중간
-3.660639395451521,-2.0647854538301833,바깥
1.8396050189790716,-1.4626341131180016,중간
-0.18087586358187766,-0.13144968990730685,안쪽
0.014867016391399831,-0.11249538588918333,안쪽
-0.021735633295549034,0.08763449561513631,안쪽
-0.5546451488024481,0.06468434921151718,안쪽
-0.36338794295037286,0.2749041274290309,안쪽
-1.6148402724706337,0.679442965996878,중간
1.5253347215945066,1.8628691501587276,중간
-2.294923126493428,-0.6550872145525944,중간
-2.5602613811641275,-0.29015652422339794,중간
-3.508300531104037,2.2365636722542286,바깥
-3.440938033997334,1.2607518894527898,바깥
3.3757806177622833,-1.900360713234814,바깥
-2.8354561927978983,1.8858282122962526,바깥
1.6351402207427583,-0.8060133203250165,중간
-1.9150164154558622,3.132501500920578,바깥
-0.5132829903559617,0.33278047296191304,안쪽
0.04905849788852189,-0.3710416315467059,안쪽
1.7283530166738723,1.4913091215634082,중간
0.13171277689132094,2.1807222682871354,중간
2.3529909475008255,-0.23715198838777357,중간
1.0956778745338855,-4.035874037406013,바깥
-1.7634686405798137,0.8474598745307514,중간
-0.41860383028090203,-0.5975751071984448,안쪽
0.3791049628312227,3.4796549302363897,바깥
-0.453452370916961,-0.5621652069100042,안쪽
-2.4735676871595187,2.878446832652514,바깥
0.16630495208791715,0.5743057091596179,안쪽
-3.779290857094814,-1.179453703712635,바깥
-3.738923953159617,1.610666683755993,바깥
-3.089390745861719,2.597687848839433,바깥
-0.6807132283738598,0.4355319145414887,안쪽
-0.05762371000825084,3.96176976647682,바깥
-0.9506633645704609,-2.1096274083221713,중간
-3.794689534842521,-1.6116134486568803,바깥
-0.7088886640774761,-1.650761328764054,중간
1.6606797931423052,0.6901952894340144,중간
-0.14554466283761688,0.043487692693156964,안쪽
2.8783155168090597,2.036661505060965,바깥
-0.42259577775442725,0.31109825001682384,안쪽
2.6031380642136512,-2.706128494270797,바깥
-3.9042457084943853,1.2215552207343923,바깥
-0.035190977252360846,0.007310414879047167,안쪽
0.3491382990220163,-0.035267466459027876,안쪽
-0.3219071193638739,-2.4094120382974555,중간
0.05761279225127446,-0.2792132184936534,안쪽
-0.1629666993659869,0.05020290486689734,안쪽
-0.039631975433726416,0.053395319054524465,안쪽
1.4680035350892546,1.2300259475083373,중간
1.875316551920267,1.4092801347130013,중간
-0.19621881536772978,-0.6846147966666125,안쪽
0.2117469441613894,3.5550623387472915,바깥
1.510165024694832,1.6972934970002782,중간
0.4735961268401989,0.288123453015847,안쪽
0.6000105964678024,-0.3683959879979809,안쪽
1.2134670550647093,1.2038738691463058,중간
-0.9852748190744265,3.4670347737708207,바깥
-0.2730008286839696,0.386841136985133,안쪽
0.40671047785994874,-0.29541968044335576,안쪽
-1.6448204758751086,3.262049158175229,바깥
-0.2021483828130713,2.058036681456842,중간
-3.6291946876592207,-2.239701238748225,바깥
0.26922244976472814,2.4224427331177667,중간
-0.5054144878265799,-2.1471707660309254,중간
-0.1796837412756831,0.1621866442950207,안쪽
-0.023064147476282146,-2.27193157532032,중간
-2.594823322938941,0.27756811678371535,중간
-0.017477568035735167,-2.0531770213820497,중간
-1.7424358135842364,-3.86116700376517,바깥
3.1086150539161386,2.5393837966378086,바깥
-0.6299987426942154,3.833674751619554,바깥
3.351952928741186,-2.749697716211754,바깥
1.4179042337128644,3.5290135761046972,바깥
2.2135447596801487,-3.3852893115326643,바깥
-0.4611154394530439,-3.6966420901612964,바깥
-0.7138302334383732,-3.4431415007254156,바깥
4.072483715545958,-1.551795400908537,바깥
-2.102372870621277,-1.2215578150104696,중간
-3.322563295168366,2.0705739020530007,바깥
1.158087473775607,3.2974664195715273,바깥
3.088573713895422,-2.682806380785229,바깥
0.04453251749324768,-2.067279755627231,중간
-3.298955689433116,-1.4175226038860198,바깥
0.18646096937777823,-0.6071048116026523,안쪽
3.0711009260974995,-2.16119539028776,바깥
3.7746953309060753,0.01418144798555416,바깥
-2.0335071320754787,-3.4412351393074823,바깥
0.7417939582660745,-0.30874476347308477,안쪽
0.7696874538603276,2.3187872325201315,중간
1.7355679625602487,1.3621357394235558,중간
-0.2602716971003005,-0.26320354682893116,안쪽
-0.6101800372046816,-1.771627170176472,중간
-0.128566841166599,-2.1459367659976047,중간
-4.1112825448333785,-1.2956378683220255,바깥
0.0041516344799886465,0.025008481018665082,안쪽
3.790697338660034,-0.13509604071968137,바깥
-1.8534424163305372,0.7655208157984481,중간
0.684530502538241,-1.9597780903715056,중간
-0.279807187380959,0.22025625095584178,안쪽
1.3047035843093646,-2.233443512469041,중간
-0.07478228201494437,-0.0675560201482143,안쪽
-0.08358005178621958,-0.38323591410463304,안쪽
-3.085843246847215,2.162871281329309,바깥
-0.45774447154418413,1.8185794248220317,중간
-2.161071692937885,-0.04188040189818142,중간
2.0372850351750564,-2.805589645403165,바깥
-1.5683241014204354,-1.0041278656207069,중간
1.9941097069308495,0.34850196660326704,중간
-0.5630849180330433,-0.44876273134584954,안쪽
-1.7511863866334034,1.8692144065196676,중간
-3.4799007522402827,2.172071211764785,바깥
-0.0983010534575741,-1.7181351698241967,중간
-1.6044957039061107,1.742334617388642,중간
0.7227707730105835,-3.386115044700374,바깥
-4.0584354135453165,0.5797815061665117,바깥
-0.09577655082912531,0.8123884597767913,안쪽
1.4312981089517967,-1.6536703299203794,중간
-0.02322316275032591,4.204349922392936,바깥
-0.30858436643459736,1.859768269946367,중간
0.010965018392371004,-0.6423256941636217,안쪽
-0.8225952838528018,1.819200738327347,중간
-0.1642544700881364,-0.047149088857186675,안쪽
2.150616574390965,-0.6113704152239718,중간
2.307023805941643,-1.0342559844003276,중간
-2.0242392976120724,-1.2120256582394593,중간
-0.6463522489951267,2.592651394190565,중간
4.196925919908956,0.637858814004155,바깥
-0.14491434607624776,0.9514749748903966,안쪽
-1.809369116037613,-3.312611936754613,바깥
-3.1357169311826714,-1.5144305424549187,바깥
2.6418832565753063,-2.3805583416074745,바깥
1.3851399255707701,4.142641507634655,바깥
-3.2276839624945977,2.4612813491697194,바깥
3.7800461894814466,-0.31193607109886284,바깥
0.0935337094165247,3.5840500786670444,바깥
-0.11850363096478748,-0.5837314440400313,안쪽
1.6356481359769204,-1.3506844482998666,중간
-2.4239903803931426,-3.3270100419293125,바깥
2.5124100048382676,-0.5777088924906683,중간
1.0865447334802105,-2.435771935951775,중간
0.02049119651632117,-0.001957618640959121,안쪽
-1.8550042763655137,-3.575916505040074,바깥
-1.0297544461174053,-1.7218883924578585,중간
0.01912119660260778,0.13795321694125237,안쪽
0.4623119291799027,0.01435422468572643,안쪽
-2.185701754814554,-0.03613859272224474,중간
-0.025302167943344042,0.5101201891590121,안쪽
1.16579385334402,-2.0099689403064316,중간
0.10225867241987857,-0.26058808601750333,안쪽
4.009970998432301,-1.176873408379939,바깥
-0.8922142910801005,2.530857790022211,중간
2.031542145767812,0.9405435928896811,중간
3.4460251906077177,-2.0379286764215605,바깥
0.12438141872991693,-0.13262571912942184,안쪽
1.6973587960605487,-3.5922190141102863,바깥
0.21155827739607513,-0.10737888425230362,안쪽
2.3448211746713894,-0.5238918842507777,중간
3.159935867316253,1.8702922314037211,바깥
2.143135582330891,-0.25444157253607286,중간
-2.1988203495943774,0.7105586584446014,중간
-1.7554189800349151,-1.6754809185092934,중간
-1.954833936416181,-1.8510372923885192,중간
-0.3712950202358114,-0.062166506651454755,안쪽
0.0013920646632189697,0.17231424829920394,안쪽
0.2929728415387137,0.1900374729412263,안쪽
-1.4370709389402263,-3.2820045206106543,바깥
0.2861002283568289,-0.015891774772359025,안쪽
-1.3004446471130784,1.818091060307361,중간
3.5245037170323577,0.36000380036128854,바깥
-1.7217062604626328,-3.2394561162571636,바깥
1.9252817842438779,-1.425579305083904,중간
0.7479226413096415,0.1925809461746766,안쪽
-0.6673929951154727,-0.07970435469532804,안쪽
-0.1095639756858372,0.7443541951104217,안쪽
-0.6118062673986531,1.9075650468683103,중간
-1.3128183762008747,-3.2610592453019827,바깥
0.5519106531309891,-0.04635945761356763,안쪽
-0.2752726557291893,2.3531542344082887,중간
-1.8924887129517753,-1.0861812236625294,중간
-0.08685297907531148,-0.5541732291765611,안쪽
2.4448909880666867,-0.9028128238772338,중간
0.9031318543822652,0.4067594988808803,안쪽
-0.3118566233107973,0.3806887080168434,안쪽
0.34587209993308293,-3.746628979919241,바깥
-1.4879178990414306,-0.9129018941738377,중간
-3.573560077312077,2.2464080489174254,바깥
1.1598887351615559,1.8283253171988394,중간
-4.227902051627607,-0.20624795473988375,바깥
2.259790214990424,0.6851418444822919,중간
-2.0641666761426363,-0.879021993911005,중간
2.3080107635713745,-0.8026440944863277,중간
0.10178178205652828,-0.0003749321546827458,안쪽
2.9839176703924704,-1.814612188493717,바깥
-0.28867355114497145,-0.40487486644834014,안쪽
-2.318113790209051,2.9950225893648117,바깥
1.7045524703361903,-3.7201569333217805,바깥
0.4598695223489628,0.6418853743814835,안쪽
0.7260336419197984,-0.5691047874277352,안쪽
0.8487815561727893,-0.35717761402714243,안쪽
-1.576841191698738,0.8332562622681704,중간
0.23261510471528846,0.46757698374809403,안쪽
0.8918044365555454,0.13887619052804115,안쪽
0.7195961062339202,0.5189681054581173,안쪽
-2.169801758536434,3.4522781450620523,바깥
0.09842357954240002,-3.4272394529889807,바깥
0.11297826360839326,-0.191227067707828,안쪽
-0.9616634291424963,1.687055153004686,중간
-1.9214094274178577,0.8400344608436018,중간
2.3275523787259695,3.264992092725892,바깥
2.1918990646250585,3.5248357651538127,바깥
-2.0688293758466667,3.3483622800665587,바깥
-0.5722111245675656,0.05092923215346754,안쪽
0.3786112803188974,2.3236494831079986,중간
1.332109763972363,-3.668777272473187,바깥
-0.06806938628684596,0.285591893563453,안쪽
1.424576671362821,3.83809908119203,바깥
-3.100693148529079,2.0405271241300516,바깥
0.42284165336722823,-1.826577493468224,중간
-2.369729293526681,0.34724173550292,중간
-1.7636994708699434,-1.3440358995818618,중간
-0.8431013980080109,2.4409126023876984,중간
-3.346774077328018,-1.7952401436802965,바깥
-2.117735004470028,3.775797589199141,바깥
3.3773103939393962,-1.0848679305623896,바깥
-0.3089617100519896,-0.0792976320141567,안쪽
0.021618585925707697,0.1140416354531125,안쪽
1.5725968557578076,-3.036014166368656,바깥
-3.01957849433572,2.7166494187781534,바깥
1.19791184599321,-1.7144932065678755,중간
1.7112366363154043,0.7082832986440741,중간
0.22672741354456777,0.03392465421346765,안쪽
1.8323881769733712,-1.6844585762772983,중간
-0.29236176460446606,0.3009797517886676,안쪽
-0.6950889619109569,2.307839180563733,중간
0.4204195285590188,-0.35340819066685714,안쪽
-4.168523504769708,0.8993345913389144,바깥
0.5898720683550143,0.5873769600498111,안쪽
1.2186011558648373,-1.3721685507892845,중간
0.015298286498592252,-0.006412370758682892,안쪽
0.43124613981048204,-0.43847537649309587,안쪽
-2.3217622139270366,3.5923734662331994,바깥
4.023007962504126,1.3393742757249623,바깥
0.1943859615331702,-2.1236198574701026,중간
-0.5655100584364853,0.07188957817944794,안쪽
-1.6653058403849248,0.6540051158624974,중간
0.2685653446227946,0.24515126635235443,안쪽
0.17185823971736763,0.18189627132809466,안쪽
-0.6732728758183362,-0.31997444329120667,안쪽
-1.0622881651253113,3.802835486966204,바깥
-3.207345871652138,1.5716010403204155,바깥
-0.1266870338165212,0.7444344634479628,안쪽
-0.8616212421336917,-0.44940989241613516,안쪽
-0.6609015664182206,-0.6538706632639472,안쪽
-0.19225118322145454,-0.9810580557900664,안쪽
0.2491071330186277,-0.09098314186283533,안쪽
0.5956664386635515,0.44095499844541974,안쪽
-3.88210638118213,-0.01413076957432994,바깥
-2.4832099613292136,-3.2104294352732965,바깥
-0.7005431316871672,-0.2317998712576396,안쪽
0.882220750566846,1.925252739930397,중간
-3.9009233909571353,-1.2370118221464674,바깥
1.6902395240947365,-3.5879910293414308,바깥
4.23017199425642,-0.08109122677723767,바깥
0.11656897670041058,0.32881718487897427,안쪽
-0.1071392232631861,1.8245705700521992,중간
-0.5340530211255488,-0.34000709673212653,안쪽
-0.6213545988948689,0.030171593139917716,안쪽
1.518607553076583,0.8058865828556763,중간
-0.7865535949343715,-0.20879601623510327,안쪽
-3.4933745719179723,-1.8582844546293105,바깥
-0.2651237662001468,-3.4953049014598885,바깥
0.3935366125599271,0.79885403692843,안쪽
-0.46905167943766496,-0.37199798751848046,안쪽
3.476210120270502,0.7695225953947968,바깥
-0.8617080630290216,0.1091955109070975,안쪽
2.016362464983403,1.514244053546504,중간
-0.013270521721217472,-0.15542903084098747,안쪽
-3.442900160295931,-2.0228077141727323,바깥
-0.6085491061211417,-3.4315614950636455,바깥
-0.46290887660219127,0.48654488898931203,안쪽
-0.3752469946690966,0.8092816256379268,안쪽
-0.9837059025427042,-2.0180358182833436,중간
0.15469848501920597,-0.16836244011434615,안쪽
-0.38302995136415696,0.8308218273802179,안쪽
2.6436376772931642,-0.321499500420483,중간
0.6891318791860798,-3.6731199601348927,바깥
1.0935644457947948,1.452743372421742,중간
0.3681052835762481,-3.8014910919255245,바깥
-3.5150299743335816,2.6290388948562318,바깥
0.1659313559793951,-2.214750803569368,중간
-0.2494044411842342,-2.5435389443208534,중간
-3.484449680955054,-1.3260213087157302,바깥
-1.2058110004945968,3.9382782876229645,바깥
-0.5965711649290187,0.530450787478753,안쪽
-0.5736588176864857,-0.8025757889393488,안쪽
-2.9408356641755518,-2.0515767740898427,바깥
1.7349307349107268,-3.217374605236193,바깥
-2.8322576145442815,-2.856632273801238,바깥
-0.69744698369157,-0.4609017973832746,안쪽
-0.4465265382403971,-1.9642353293662211,중간
-3.7569500014834722,-1.924953608996005,바깥
-0.29750650800456496,0.3041151771904025,안쪽
-0.07771664229510612,0.6230722451154507,안쪽
-0.05039154304028966,0.027815521650191712,안쪽
-0.46618145806459016,0.7660967956456455,안쪽
-1.4035856274035041,3.6920738142342278,바깥
-2.1443271216668673,3.6066132924963026,바깥
0.35790502562126103,0.0956742994837839,안쪽
1.185238594206278,-4.195665994009574,바깥
-0.010871214539421605,1.9374029681698306,중간
0.2200323188851868,-0.3257477548413675,안쪽
1.781251935946596,1.388742962441151,중간
-0.7387026828133174,-1.5601517307465136,중간
2.2819336040370137,3.693652438139951,바깥
-1.8045128626499507,-0.24467402993161663,중간
0.07903513227254359,0.1166751261040632,안쪽
3.7053729057137996,-1.3143329948623568,바깥
-0.4435384757290183,-0.10617650894480615,안쪽
1.7930789266877465,-0.9926451188077199,중간
0.0770221696382369,0.2742292701762866,안쪽
0.2648774663775479,0.8073045375137841,안쪽
1.4922031380248613,1.8165776061503718,중간
-2.048324409696008,1.3058525740896822,중간
0.14114102675198845,0.29295631669541716,안쪽
2.0458551562069633,1.522120584900987,중간
3.5873339131998088,-2.339742447527537,바깥
-1.9472644085558515,-2.9890128000095357,바깥
1.7796920684008584,-3.588569498010926,바깥
-0.29676364129759775,-1.76228031207795,중간
-0.27004213121332843,0.5181703025916572,안쪽
-3.1065751252445373,-2.753445589362872,바깥
-2.2725750255849415,3.385395689988028,바깥
4.181857780128438,-0.7721561219889449,바깥
2.4118928932674333,3.2869771553007356,바깥
0.03491582119435597,3.983099359329871,바깥
-0.23356419444248513,0.3942632099476984,안쪽
-0.4182268396478049,-0.4634213915443767,안쪽
-0.2170778441338232,3.510846672638199,바깥
1.4749300669537506,0.9268092373356985,중간
-1.8010131338883173,-1.9845887880882453,중간
2.756989186438055,2.5874515719951594,바깥
1.2858912288467652,2.248537419924012,중간
-3.0559945506409494,-1.6053435123425437,바깥
-1.5347996830213444,-0.9666434971836098,중간
0.14589914998655046,0.045599939313304354,안쪽
0.5006610076549073,0.7973045475717494,안쪽
-4.05091962087782,0.7293268179724095,바깥
-1.3508560158719236,1.4076430435461764,중간
-0.040096886892120584,-0.06224829404877872,안쪽
-0.29424031815918394,0.42173414945928284,안쪽
3.541774887053036,0.09320732080179452,바깥
-0.2433726188104713,0.4005534252155717,안쪽
-0.03583291891875487,0.8410658067595488,안쪽
0.33565762929518406,0.8585954001131113,안쪽
0.08021312721336976,0.25701706487062964,안쪽
0.4027972068894348,-0.36061162604725394,안쪽
0.005088789591031923,0.12419301102201226,안쪽
-2.981716644514302,2.572428556789869,바깥
0.6160745700450277,-0.051875684706927924,안쪽
0.7731683365910972,-0.3904764254119287,안쪽
-0.846908742493403,1.5052750190019077,중간
-0.771088593083628,1.904844402726695,중간
-2.263443759948797,0.6161580270668653,중간
0.5080608492889959,-0.6882492166477182,안쪽
0.5199677251119167,-0.010213299845894502,안쪽
2.416165712233424,-2.8592109493823585,바깥
0.16874582119968545,-0.37408420355170224,안쪽
0.42061263222646245,-0.4634497251152035,안쪽
-2.253782331684973,-0.22536599015751094,중간
0.5918097493915011,0.2576736410827444,안쪽
0.217422933052741,0.05499082967786202,안쪽
-1.7880793051661668,-1.7308890319220125,중간
-2.941017230222099,2.080060776189778,바깥
-3.4700547865171023,0.6227145473556378,바깥
0.48523258035073275,0.3720559433702672,안쪽
-1.0183403340871593,-2.080089317742894,중간
-3.5057084968295484,-1.4970078334975838,바깥
1.1360420508501188,1.801670017825854,중간
-3.4300313809798695,-1.2381453007305463,바깥
0.4452898450709314,-0.42542719370960597,안쪽
0.1618806852288914,0.8264132891314553,안쪽
0.0722734484495505,0.5723588391439357,안쪽
0.08095821131473767,-0.08825381713336816,안쪽
2.6391688166256193,2.97753104888946,바깥
-3.2879984840294196,-1.55446131468003,바깥
-0.9458694516248062,-1.7590593625638993,중간
0.5552843570023446,-0.012793062852049638,안쪽
1.0113463068121473,3.949976377570176,바깥
-0.007569408548275415,-0.08837897685055471,안쪽
-0.03694795157555047,1.8957376889026962,중간
3.1883686237859883,-2.15806789649389,바깥
1.8805919943863731,-0.684424133541969,중간
1.8765989742476186,-1.5481923801872433,중간
-1.330544453339514,-3.6923165199122816,바깥
0.062074833075025905,-0.3836883509035285,안쪽
-2.670656504927577,2.508574109004096,바깥
0.36743162872776763,-0.6661740676500962,안쪽
0.24343251381159445,-0.03515416577641042,안쪽
2.396652562782905,-1.0143075026386967,중간
-1.6131420477010399,-3.376557741260215,바깥
0.20148190259912654,-0.8668993894269618,안쪽
-1.606538192225804,0.5907406860372191,중간
0.5657846165077628,0.10515843820199382,안쪽
-0.9602948107492895,2.4340529644799758,중간
-1.9954631196667953,-0.49011427218862025,중간
-0.9408996850984693,2.385727203573273,중간
0.2569999023648989,3.7351265318485276,바깥
0.8612899067476367,2.374699427115835,중간
0.09870581560498555,-2.1474725963758017,중간
0.901700045782021,-4.105960616553633,바깥
-0.24435710505058164,-0.15570969679804317,안쪽
0.015024774801879446,0.030932612670846765,안쪽
0.42285841247736083,0.06009847004988544,안쪽
0.21100732983483725,-0.5685350571034179,안쪽
-0.3108790336307907,2.3315902713905445,중간
0.23418362469053178,0.9098441026500286,안쪽
-0.3196278053623308,0.16161249527165886,안쪽
0.048161831404849885,-0.056905504731958656,안쪽
2.0375810315702054,-0.6224297565456756,중간
2.9544304139255497,-3.0061699626769443,바깥
1.5595043426415292,3.0328182518083024,바깥
-3.6132548751537734,-0.24033082161028974,바깥
1.6053090766147333,0.5960791491045393,중간
0.7813699801066216,0.39898031928797645,안쪽
0.6035354366687813,-0.36052826969751384,안쪽
-1.8808265414096565,1.2340480760460835,중간
-0.14095823955086248,0.92139853876752,안쪽
0.11929018757464414,-0.011728488156831217,안쪽
0.10239041774869294,0.8570085916205475,안쪽
-1.2887395802120443,1.6213899907188827,중간
3.0344713416589584,-2.0058000716629176,바깥
0.4783136918105556,-0.755155588114178,안쪽
-0.5895351290638695,0.14105324899237429,안쪽
-0.8069599298039491,1.9191894994629466,중간
-3.3467263524094983,-2.5744758329918187,바깥
-2.2198413209709384,0.7313106404974609,중간
0.9324397927204623,4.051123925637281,바깥
-0.5147479773113713,0.6578485988367392,안쪽
0.6600795305979876,-0.702038797739151,안쪽
-0.908427419216178,-1.4518209743262958,중간
0.6693215598061291,0.7240212341074835,안쪽
3.758892315829597,1.398289609545163,바깥
-2.0918815915414526,0.14616049370866996,중간
-0.32399398078444924,2.125802726711703,중간
3.46041219979768,1.0052677322059664,바깥
0.34001113106929026,-0.25919828920740884,안쪽
-2.9050897154647575,2.1957332066012833,바깥
-1.7467210581149981,-1.3686460100272382,중간
-0.3424929291415698,-0.7413050910612455,안쪽
3.4655612331022168,0.2814557323919086,바깥
-1.3516542152152577,-3.371140303307554,바깥
0.13127548367537173,0.28563338429577356,안쪽
-0.048721420882475386,-0.06855784405929391,안쪽
0.6978842699512815,0.1122713245039681,안쪽
-0.9225748591995288,-0.08614090941816102,안쪽
1.4691765785442987,3.7063705816322536,바깥
-0.10101185826197269,3.5864981895381507,바깥
-1.8844316405605737,0.22735878153771275,중간
-1.0235393750822879,-2.4808264190707,중간
0.8141703402926738,-2.1881079980533165,중간
-1.3654000227686605,-3.4691504772460378,바깥
-3.0821112169813154,1.5107145516179559,바깥
-1.8628306692642078,-3.062589060242478,바깥
0.047367921970059026,-0.24393263941910584,안쪽
-0.49816745455870853,-2.1617500639642246,중간
-0.2362704412625974,0.7124596718176018,안쪽
-0.2392096786465646,-0.6817006590048382,안쪽
-3.939471537197509,-1.3757126619990163,바깥
0.5399369792051643,0.44939063935735246,안쪽
-1.6661521895027998,1.3229320668967033,중간
2.920361910753065,-2.4186119606618575,바깥
0.17687001613063724,-0.05937494645628743,안쪽
-0.8102442256353799,0.13768896789965188,안쪽
-0.43221438953869845,0.2971580711752748,안쪽
0.8454036002865233,0.11365686842116782,안쪽
-3.3987493115689804,-1.0322558512557665,바깥
2.143991134108335,1.0169919409036121,중간
1.9153489254868923,3.20580577379054,바깥
-0.3795176799332268,-0.6710862263414361,안쪽
-1.0813394599421975,3.45518946543146,바깥
0.4234008019744171,0.8491852116564249,안쪽
1.6353803020719153,3.5265228201135694,바깥
-3.993281780419323,-0.11183115703755551,바깥
0.33067973432954145,-0.1795054010542312,안쪽
-0.991660142786983,-1.9776662118275625,중간
-0.4988262162353539,-0.6641543544914523,안쪽
-3.3925491215736256,-2.705203453914158,바깥
-3.5450521914529816,0.9571722507079452,바깥
-0.09942418335047551,-0.3611026618446442,안쪽
3.66497127120438,0.948016199064816,바깥
1.685900475619722,-0.2560226966675158,중간
2.014617597556346,0.2230867833987366,중간
2.9103005908716306,-2.3957963427128433,바깥
0.32836368002293365,0.04087537759068274,안쪽
1.5293089129117619,-1.3829144683776522,중간
-0.9140489033888134,4.145292192500668,바깥
0.03983064811028181,-0.1047197931154245,안쪽
-3.285914531084798,2.365215232631453,바깥
1.8081684866857444,3.7826416683985187,바깥
1.7548111247085965,-0.4883699217448689,중간
-0.7243115858072323,2.365471047741014,중간
-0.0946513860432388,-0.05727561734123817,안쪽
2.7992224013157503,-2.641865512285049,바깥
-3.9439025773001823,-0.46206051587506536,바깥
-0.0935529634268886,-0.8051363518532564,안쪽
0.08830054565256587,-2.260572913393591,중간
-0.3192351303901726,0.022818383917869174,안쪽
0.5877980589033049,0.4413874504201961,안쪽
-1.7836940069469895,-3.5256347987606973,바깥
-2.3004909971326857,-3.093556570997064,바깥
-0.7991881164737233,0.430087501657307,안쪽
3.4539768987323893,-0.1611063870942939,바깥
-2.826041437927614,3.0423507299581694,바깥
-0.5884364938120724,0.4958445996302527,안쪽
-3.672153962917548,-2.1138751176871136,바깥
1.4168787133227039,1.2672819735212546,중간
-1.9901592806802462,1.5952768762943164,중간
-0.819025036537855,-0.1265063184173406,안쪽
1.8990964788677414,0.6787932130187876,중간
-1.8354698785243322,-0.696319816730665,중간
-3.299157554984409,-2.2490736169519523,바깥
2.385956104670409,-0.7676409050225701,중간
0.3616527041753245,-0.06649987505491495,안쪽
0.03679894675568636,0.002546449058637222,안쪽
-2.4240235170618742,0.10874945351645439,중간
-0.042045057377902484,0.6817114240517842,안쪽
3.969137120851337,1.2537604235505382,바깥
0.829479323041714,2.342365692948898,중간
2.5425711009638112,3.0101941723055674,바깥
-3.113898368847269,1.7531431688237153,바깥
0.48918329712962144,-2.5327736275088943,중간
-2.178073300249158,-1.1989895677085987,중간
-2.760152996297317,1.9970911062064385,바깥
3.982662270619088,-0.3175679847183425,바깥
0.5362843485596456,0.462348216084688,안쪽
-0.06205886579003794,-0.05586650934187135,안쪽
-0.19832342810822748,-0.15971750349263258,안쪽
-0.32929096617814924,0.44899343588595314,안쪽
2.1977630569508517,-0.8062182163735616,중간
2.6971148806649614,-2.0734323737677194,바깥
-0.20961366494360376,-0.7791305461585911,안쪽
3.2613644659807117,-2.03143385505079,바깥
3.384606463433164,1.6809479700010042,바깥
-0.6233844344734226,2.480426769303964,중간
1.327434436197058,-1.9022108448080342,중간
0.8023518074098155,-2.2535899054269106,중간
-0.754706710912184,-0.5600912435308443,안쪽
-2.9145214438531206,-2.1431477240983927,바깥
-0.013992206456890904,0.116690345958784,안쪽
1.604316649121303,3.243650840813043,바깥
-0.9222045739233723,1.9075701436089088,중간
-2.034496658676216,-0.00771555919361218,중간
1.6027640567391033,0.8404120936950591,중간
0.49361231507736136,-0.20915591411991455,안쪽
-0.3722428879830944,-0.05934926470036985,안쪽
0.12162541970067182,0.010029359235006965,안쪽
-1.7949682041090824,0.27798567877657787,중간
-0.6265502900098164,-0.5205446272209995,안쪽
0.12677135742353002,0.024722003544855136,안쪽
1.629972528674332,-1.064854919603065,중간
2.4678379218247555,0.6738292268101347,중간
-0.5660150048725192,0.13215477404045506,안쪽
3.6243152626706983,0.5173153663081931,바깥
1.7271582836253707,-3.320288685655639,바깥
-3.1733229707736044,-1.7613396227567395,바깥
0.9195544815719177,1.5119686996398303,중간
0.4335495142567105,-2.1744693346518447,중간
-0.6580615016272146,-2.205813662298513,중간
-0.06386199454873222,-0.06957814663098988,안쪽
-0.13396958566775283,0.08871670546513374,안쪽
-1.5230090444342823,0.8581648009291772,중간
-4.349464947853751,0.32368188814090837,바깥
0.4291994979180269,-0.39864874589439936,안쪽
-0.42122749865024456,2.134858846322727,중간
-0.3456246657612824,0.007022132301782872,안쪽
0.6322907864622836,0.6080206823437148,안쪽
-2.453251225185018,0.6017676937191994,중간
-1.1818438405137597,-2.038685008394064,중간
-1.7868192973871475,1.2126364434833552,중간
-0.004118483004810921,-0.011435442830274202,안쪽
0.11575985510794998,-0.05363198305856464,안쪽
-0.7832697525351086,-4.160556465449771,바깥
-0.947764505409549,-3.6333179128364868,바깥
1.18865777755149,1.8039513706907202,중간
-0.09640961063017785,-2.154080098216155,중간
0.1418103805957354,-4.394950621372661,바깥
-0.3518534827295936,-3.728518658609407,바깥
-1.6402520166519297,0.4838615385142832,중간
0.06891018844259483,-2.581008007549154,중간
-2.452077109875909,3.072847296229416,바깥
-3.015078929865223,-2.0592076308553042,바깥
-1.5231190350255617,1.5439115561352126,중간
-1.3735477133855802,-1.8536528810124948,중간
-1.0763590594492516,-1.4682929280902484,중간
-3.4559547521737506,-0.9167972122568089,바깥
-1.194787337150582,-1.7974272942758025,중간
4.139607168850948,0.7319215927801441,바깥
0.6694405536712638,1.741540691405686,중간
3.15585930180606,2.9771450668866613,바깥
-1.8971196222621396,3.3693104383423567,바깥
1.8124669132007376,-0.07685834568058961,중간
2.543755405773012,-0.30533038331491774,중간
0.02029971095401608,0.11407699457130457,안쪽
0.6912283483799375,-1.8480291641537248,중간
-2.031807833415255,-0.06966854793017553,중간
-4.288118046591595,0.0011048811700173312,바깥
-0.0650263111132079,-0.8944047214032476,안쪽
-3.2020560361627,1.7840126272393513,바깥
0.6773119549971133,3.6106623264102464,바깥
-0.19297214764458495,0.03422035352590767,안쪽
-0.3332264006693561,-0.054260205112465515,안쪽
-1.1685821199574264,1.3141222164093678,중간
2.117488959939267,0.19097397673519195,중간
2.5100729404610913,0.13992980213370007,중간
-2.567886825259498,0.6847842036006662,중간
0.015369816313229227,-2.602849616236404,중간
3.903308180657094,-1.5576812388384658,바깥
0.778883503303081,-1.5777413157473676,중간
-2.04833886498381,-0.8876992716269303,중간
-0.1741976646248169,-0.6622023499703623,안쪽
-3.2408623038294926,2.2480023614117908,바깥
-0.02464603544678053,-0.03801350073567998,안쪽
-0.1072981434404708,-0.26082677880100363,안쪽
-1.6813534492535398,1.633076155129157,중간
-2.2537361655879673,-0.6767927412892533,중간
-2.062347980110329,-0.14635366854036588,중간
-0.7028260829704533,1.6535059001441605,중간
-2.5222541987827674,2.5278094364206045,바깥
0.7848630271176065,0.6082508651831341,안쪽
-0.07861391503083565,-4.2818382676724145,바깥
1.191903644964166,-3.3659061063777207,바깥
2.5099855853840665,2.9313496189080865,바깥
-0.5714643738986714,-4.235695691705051,바깥
-3.65746760268649,-1.3086505150417238,바깥
0.39876763810488336,-0.4305425282132395,안쪽
-0.05596359591283376,-0.5090259092529729,안쪽
-2.1669185430094076,-1.5263613231098707,중간
-1.4016247231545007,-1.6091882396560129,중간
-0.5983753233213776,-0.33184605920520266,안쪽
-2.2677360627266157,0.8561650094665281,중간
0.409141431133324,0.04707682971306908,안쪽
-0.0207342361652685,-0.11778316990212934,안쪽
-0.0619960350703085,-0.3147321745847287,안쪽
2.4344424431928453,-0.3494707483692328,중간
1.3720141035274782,-1.4616140908107562,중간
0.94057168578154,3.5546794522089025,바깥
-0.476573765627832,3.9392508767627827,바깥
-2.0714525500979923,2.895563962778417,바깥
-1.8557888778912008,0.42591001236410453,중간
-0.66290983929634,2.548300680976103,중간
-1.8489364116635303,1.9457343987253244,중간
2.4877053237455167,3.490260614688135,바깥
0.952405945189986,-1.7986091047389732,중간
0.5373264499351439,0.29590283676409523,안쪽
-1.3646329754977071,-3.6014223838975163,바깥
-0.26635100982611737,-0.9495624108459749,안쪽
1.2500722346571491,-3.613199556162963,바깥
-0.49001110293634664,-2.4397252507492535,중간
0.4681845398883159,2.0584492261955036,중간
-1.519705903090482,-3.0526135073692178,바깥
-0.4706506639627541,0.057695517180753074,안쪽
0.9939294186702191,3.8400601024825587,바깥
2.0381158830372184,-0.6420393855351919,중간
-0.04647567991171502,-0.5905887169399221,안쪽
-1.690400667141281,1.7750547615739072,중간
2.592319532492284,0.19751675069842317,중간
2.9918493353322795,2.8254003065174556,바깥
-0.0029073417413492094,-0.01787529362062738,안쪽
-2.1747565337300916,0.16939990221929274,중간
-0.2744168264998805,-2.514464709625119,중간
-0.5842154213157592,0.08858223188942936,안쪽
3.486063235635605,-2.634738648174229,바깥
-3.828765796139994,1.8293084607418961,바깥
-1.2715469805566633,-1.2297889005308502,중간
-1.5354043211205886,-0.900874271594472,중간
2.3041992622308336,-1.3001478550440364,중간
-2.686544109647096,-2.9139469127938953,바깥
-2.351116469600665,0.7914729264386162,중간
0.4167348324998778,0.4592347093125489,안쪽
1.8372838482819775,-0.6266188313709955,중간
-0.7155380386944008,1.7471813625668582,중간
2.281564983276249,0.06256530816261993,중간
0.08770719146878896,0.09443215175152726,안쪽
0.11149083471986711,-0.03514179413350462,안쪽
-0.16175230104475757,-0.32506145121320124,안쪽
0.17286190287597222,0.09076666138183831,안쪽
-0.14041104105086952,-0.6502092601408874,안쪽
3.8586837707590953,1.5341293465476489,바깥
2.354021502554956,-0.594535149387449,중간
-2.3010395665657604,0.43912256509112463,중간
2.0971562378850117,-3.67071389837067,바깥
3.6676422167987925,-1.2952138917317468,바깥
0.46166016767283563,3.8653478766220517,바깥
-0.1393981417115878,-1.825395475394743,중간
-0.43241857981056553,-2.1444071206802615,중간
-0.7406039687133522,2.531268767797573,중간
3.370947658474516,-1.9292706642559236,바깥
-0.013539037485043799,0.22839723071068624,안쪽
0.40101718964055894,1.8341003238768936,중간
0.3866002058638175,0.8173391130092169,안쪽
0.10499647563091949,2.0595608165120773,중간
-1.913743612584826,-0.5766188548847053,중간
1.1397210438113363,-2.1184615372589213,중간
2.3133181017589703,0.13174445031408422,중간
-1.535967006111754,1.1302327416755071,중간
-0.4179863396119849,1.8276507593535156,중간
-1.6383171623000639,1.0755392549249763,중간
-2.3592620331151255,1.0611612028453659,중간
4.032026679773257,1.5544965322267343,바깥
3.1065249089913713,3.081092424043557,바깥
2.5613376876591354,-2.5837299246159335,바깥
-1.7823627962868238,0.4258280622742387,중간
0.14452130360385704,-0.2638964761470638,안쪽
4.3180782636698645,0.2692380059488391,바깥
0.4204488184036557,-4.205586376933898,바깥
-0.22027900265454806,1.7221295038101532,중간
-1.396471108751026,1.8288823810018695,중간
2.550882109637959,0.1952244809862099,중간
-0.3071824943594463,0.1854676022797942,안쪽
0.7736444478766334,-0.5768459123372656,안쪽
4.154195426162822,-1.0272913199607334,바깥
-0.04379909898928587,-0.10220821395051172,안쪽
-0.7724237690905253,0.41610699139558344,안쪽
0.40538556777402895,0.6058993253797766,안쪽
0.3937872450025525,2.1261358608509076,중간
0.056254186892415896,-0.8108505429430608,안쪽
0.6436689814970343,-0.6723090371423477,안쪽
2.3034393144903227,2.877256957376784,바깥
-0.5712709488064337,-0.38864438884917507,안쪽
0.4249402864911686,-2.0967783532949595,중간
-1.3219772025296332,3.1678895977571284,바깥
-3.4264828241713206,-0.9053783171292134,바깥
-0.8091379398539736,-2.5539966842551016,중간
1.3065057161808737,-3.31964387914616,바깥
0.2254131621672178,-0.4169275030055561,안쪽
-0.2597457805526554,0.07850112438508486,안쪽
-2.209225249105233,-0.5538549801363024,중간
-3.0409166378121593,-2.6350207617527666,바깥
2.163553890971783,-1.3834557182889862,중간
-1.5090309545338148,1.168433978310827,중간
0.13748318389496958,0.294929377492722,안쪽
0.13909237691456539,0.6880485502137098,안쪽
0.5338612146265633,-2.230666274601566,중간
2.612686352423446,3.294183544081624,바깥
-2.2419140929210615,-0.7708390848136313,중간
3.628959739519182,-0.8476386637657517,바깥
0.2620436151870198,-0.15531481613073705,안쪽
1.7381586628861807,3.0613613258689716,바깥
0.9590341581731257,1.5694193253030448,중간
0.4749158035285006,0.37605599493392994,안쪽
3.4257661130984483,0.004886938143135245,바깥
2.766947404179155,3.3129274637040784,바깥
3.31847627702529,2.361170642548035,바깥
-1.7013666553095028,-1.2941014721312727,중간
-0.16361644247604662,2.540340770964544,중간
0.4400311622166184,-2.2774694884313322,중간
3.7243555523594454,1.7352610550577214,바깥
0.18337603076840148,0.3990146604632471,안쪽
-0.3055303938239044,-0.8435919006069063,안쪽
-0.3309171382687895,-1.9107363303676628,중간
0.0034728497952613946,0.010809466397759664,안쪽
-3.9197405693163434,-1.7211518655455815,바깥
-1.6355630728743131,1.11864189731016,중간
-0.4862272217029577,-0.8536104707852928,안쪽
-0.09176931917410817,0.1207628303753485,안쪽
4.026271912964837,0.2714839119316079,바깥
3.5129810889223103,1.1224547738950381,바깥
0.06594056305337724,-0.1905398077406377,안쪽
4.013113745650055,-0.5953272445271394,바깥
1.437549759873217,-1.5038341437953981,중간
0.4909552687236468,0.8140128204894884,안쪽
0.30866127516906183,-2.032076263923791,중간
-0.13980163693353576,-1.969776662515665,중간
1.2089008351093018,3.845893561869539,바깥
-0.27326614787711917,-2.5089526731112866,중간
1.9342885389899689,-1.4037988552776193,중간
-3.492925171760405,-2.3348705221112898,바깥
4.331113064057994,0.6043676917118069,바깥
0.0592212313610177,0.014945331582710424,안쪽
-0.599835334217589,-0.20346471582460984,안쪽
-0.13900491308135002,-0.2978221239640532,안쪽
1.1749334984904205,-3.4386228319018795,바깥
1.9323880744240636,-3.8310987395157503,바깥
1.8907911158180204,-0.9009660580933277,중간
-0.06218686874465167,-0.1033721759079117,안쪽
2.340110149547408,-2.7769581768865237,바깥
0.020251990630764705,0.47178044938424146,안쪽
2.3209838206117914,0.879487084864244,중간
-0.030381458245178235,0.136430510746892,안쪽
-3.529940495034068,-0.19746958710436865,바깥
0.2501090200150545,-0.2227268480357717,안쪽
-0.6377846286326229,-0.7366654659251599,안쪽
-1.938564591586133,0.029967874731111975,중간
3.559878353341417,-1.5156703863279684,바깥
1.932512001451229,-1.36837220264851,중간
-1.8606174957395798,-3.4494091915507874,바깥
0.5140214483556279,-0.8225004996662824,안쪽
0.8465311578432752,-0.14232867359466334,안쪽
0.5437620698606256,-0.19680125215923538,안쪽
3.2230233901734358,1.1336773814053722,바깥
1.1395707875881316,1.3191031397310353,중간
-3.835857472452219,1.4623148961589274,바깥
1.8458767669811533,-0.21972377419623593,중간
1.071141471456146,2.2529040673516407,중간
-3.555727561248091,-1.7279887945597991,바깥
-2.5056383551696766,3.2416505433225407,바깥
2.5770167809872437,2.803199982459697,바깥
2.4422664740426354,-3.009249127578607,바깥
0.4968655393563555,1.7236729951223178,중간
0.02530610531479815,0.32268847068501005,안쪽
2.304229686358666,2.7194691261772994,바깥
-3.4153693432251173,2.0448025457557897,바깥
0.18513001604116439,-2.034762814244246,중간
-0.19790395766533675,-4.083252441406718,바깥
-3.3991103732196297,-2.3429670466380386,바깥
-0.17740875652438792,0.059257885407095555,안쪽
2.632355485649039,2.828614353520478,바깥
-3.305242525173287,-2.597133170306532,바깥
1.9587004786957125,-0.41954218518454284,중간
1.8055558728943806,0.09447283978195814,중간
-0.05470083447577554,-0.7261589833454126,안쪽
-1.7661170217169533,0.08522899318464294,중간
0.2892329618276501,0.5069504420486116,안쪽
-0.5680218845739016,0.40225441763207204,안쪽
-1.4180223177417328,-3.1244194346091363,바깥
0.03615733130816402,0.018747872706240815,안쪽
-0.6535212546348589,-3.969314161542042,바깥
-0.5654464599684099,-1.8396781115897092,중간
-0.016346042061410573,-0.02068874701535436,안쪽
-1.4947981866643105,1.6062834883087227,중간
2.1395465734497128,1.5936805280742183,중간
-0.24361572851260208,-0.24014849494803714,안쪽
1.6926958250133,3.027363438024571,바깥
0.16411389804926113,-0.9728947971554036,안쪽
4.182260912716266,-0.20682740113577952,바깥
0.025686264608904094,0.3106619760465927,안쪽
1.5113558821926285,-3.5297890023469862,바깥
0.4131840774227848,-1.7187001937006108,중간
1.8887100261716352,-0.4832233669705879,중간
1.8214291025290803,0.8811518046499776,중간
-1.984320923344334,0.5362107693353092,중간
2.754640868255945,2.4330427737449045,바깥
-1.7931145027500557,-3.386977705721636,바깥
0.2050107336294536,0.3210115944351958,안쪽
-2.882008046033241,-3.1631409230435175,바깥
-0.1463358740676523,0.25285234353001823,안쪽
0.014401106484850911,0.022258879546066392,안쪽
0.6839436950842158,-4.231261656490697,바깥
0.6043275940211822,2.064611071135873,중간
-0.243849742607162,-1.8683791231524682,중간
3.624589684334545,-0.2641661626096983,바깥
0.3489425044142424,-0.38575795066622176,안쪽
0.22231042995421282,-0.4384794651981572,안쪽
0.09565807106887743,0.7554786401071345,안쪽
0.8636745118624662,0.21955041938157127,안쪽
-0.6794926925567448,-0.3090939965076434,안쪽
1.3099106766643007,-1.177491625483495,중간
2.213860819271188,1.5126712664703146,중간
-4.190231879326897,-0.47800182843973515,바깥
2.4636628811478416,0.059142424368320234,중간
-0.6704032955163082,2.082610078455833,중간
-3.980793109743022,-0.8080086174616579,바깥
-0.44817376784377216,0.33789401641370326,안쪽
-0.5004703296094295,-1.8060496255548995,중간
-1.545259988142831,-1.9878165248049589,중간
2.4952125021117775,0.15578644946668843,중간
-2.061085944006143,3.74041503245265,바깥
3.496851592868454,1.8427066886944827,바깥
-0.6602795661195402,1.8633792546820709,중간
-0.2110342428909868,-0.196906436134536,안쪽
-0.49692601695352884,1.7808569724536583,중간
-0.3240622527139021,2.394494178749389,중간
1.7937427571248423,0.9222583473541499,중간
0.6225849945055709,4.145063098473592,바깥
0.4203691084385335,-0.2507066357596424,안쪽
0.3564801645640809,-2.4580771999572186,중간
3.564898331293807,1.4748274521561429,바깥
0.04575761095877852,0.42573219975657106,안쪽
-2.356740815007239,-2.6700393615587887,바깥
-0.1915271833824474,-0.9277192805648162,안쪽
0.23737438060569552,0.393012781075301,안쪽
-0.4855935696787289,-1.737649568858891,중간
-0.07291056259638382,0.11292189884379208,안쪽
-2.9357234333876603,-2.1149358585424465,바깥
-1.3041573307132233,-2.2566988844202185,중간
1.7724676364996328,-1.7529066238844404,중간
-1.526332991880221,-0.8054404609073211,중간
2.014618542091682,-3.7391999629096824,바깥
1.1800438285120776,-1.3088556308872061,중간
-0.1660401145457835,0.2266517025470196,안쪽
-1.6567841031711241,-3.1574715354235976,바깥
-0.5187793310117285,-0.3400763814429931,안쪽
0.3134108958950446,2.0099500360918534,중간
2.089448182841166,0.3120534147423742,중간
-0.8913360340339918,-0.27477717898768916,안쪽
-0.2654844249464447,-0.46115375018756694,안쪽
2.268027550066499,2.5796643980778864,바깥
2.783816515717107,-3.1352170906894656,바깥
0.03921229277849418,1.9646551508007477,중간
2.831748158179366,3.0994948198667323,바깥
-1.3649092261573297,1.1559041056249912,중간
-1.9175325673605605,-3.928107573386733,바깥
-0.22162550786256371,0.7725095089718941,안쪽
-0.11774721008213906,-0.4474462856982339,안쪽
-3.6128455440623237,0.3146524731454867,바깥
-4.2779190720934634,-0.31525280718237203,바깥
1.3166052924011398,-2.2110045982122424,중간
3.004322968337369,2.34504249188675,바깥
-1.9600448389776466,-1.4801900308429552,중간
0.34349408292389877,0.4158147050200005,안쪽
-0.10524897081215316,-0.2635363710284959,안쪽
-3.1200797435194016,2.4658663840422386,바깥
3.917794427042637,-1.761461611754333,바깥
-2.7710167568391415,2.2397703763392585,바깥
0.43950136953985314,0.0837637878749462,안쪽
-0.01599628162784637,0.06749154786473528,안쪽
-0.21965968324385893,0.28457602035750035,안쪽
0.2679535651154948,0.15926293322275228,안쪽
0.8106263453153455,-2.2986883880127187,중간
1.2137917163421241,1.303220304508423,중간
0.2585809027888738,-0.30161748615371875,안쪽
-1.472480289059703,1.8491358735368106,중간
2.096020655943189,0.9179144972856885,중간
-0.13862466504004436,0.07158923388360705,안쪽
-2.0445956575663726,-0.07240981574287561,중간
2.0628800895808896,0.7882778959143226,중간
-0.9963753444641049,1.5616277595467474,중간
0.18777100777690237,0.17679342984460317,안쪽
-2.1969745079395193,3.416223392885506,바깥
0.7599239471144883,-1.8804471384208752,중간
0.015002364646317445,0.8622332023405617,안쪽
0.8847412386751087,0.3966450440695964,안쪽
-1.1822268670426106,1.6871578622737917,중간
-3.3635188948515378,-1.6837158409772115,바깥
1.2644389703774799,-3.1980445232689356,바깥
-0.5963461652352539,2.4231470772560773,중간
-0.7455734335192932,2.3044626021952577,중간
-1.8518477338029982,-0.34915715578131956,중간
-4.327155180397159,0.6341952210281806,바깥
2.065009207240611,-1.3824052217621918,중간
0.5162220198064702,0.5503178854979194,안쪽
-0.14855824061395242,0.25048924377341586,안쪽
-0.4197715245703978,0.8291752506718483,안쪽
-0.7057584706197391,0.3942223402982303,안쪽
-1.9323597025241286,-3.568563736239522,바깥
0.8287082172315998,-0.12664007199728539,안쪽
-0.6508376273398908,-1.7234538343880736,중간
-3.117596177964399,2.3889839576287333,바깥
-3.3735676339430904,-0.8724891365773929,바깥
-0.10499463171273757,-0.22395805577712505,안쪽
-1.932961838161449,-3.214041507248105,바깥
3.883139694507504,0.9699627046638559,바깥
-0.6930022305471911,-0.6176756933064134,안쪽
0.18106318087308815,-0.01392319214871953,안쪽
2.473519154271908,0.835358504104783,중간
-0.8600381876416924,0.48149884058679365,안쪽
2.5760033288928947,2.7770187858543762,바깥
0.36008892277926247,-0.08020748813101126,안쪽
-2.2396551186029128,-3.6883185972781476,바깥
-2.151089196258843,-0.18772709304190094,중간
0.027229298665763003,0.34718933682615843,안쪽
4.073118442419642,-1.1106586764469153,바깥
3.586797154272935,0.9589611938261386,바깥
-3.0474911351828133,2.333326562695234,바깥
-0.8314473065086858,-0.22260393853716196,안쪽
1.618600462467892,3.8817025152570404,바깥
4.010444259347982,-1.3315291543194134,바깥
1.2452075944827383,1.213088709620608,중간
0.028445168183267755,-0.08865098860218534,안쪽
1.5802920931664206,0.8127810453717311,중간
-2.09294641407445,-0.7165899348560656,중간
0.3143875796582559,-0.364220053497179,안쪽
0.11508569219263522,-0.1712567861537256,안쪽
-0.17222025876776859,0.2943916409966509,안쪽
0.52137320001384,-0.10250722314183834,안쪽
-2.4389854624689393,0.4291175469963685,중간
-4.204399608715586,-0.2940673531273823,바깥
-0.9722413494149967,2.2226392604604035,중간
1.7291903381631393,-0.5507148379231485,중간
-0.2555655686081244,-0.16507447574672607,안쪽
-3.6619021265656744,2.0919218226013565,바깥
-0.06437949267583627,0.0935446827402776,안쪽
0.13822715974891323,0.6309535125167103,안쪽
2.8617170174617863,-2.6957213235556936,바깥
-0.5678727597671649,-4.343604323675024,바깥
-0.1439820170014653,2.6278121733732522,중간
-2.2479421963890642,-0.008817355634025135,중간
0.49621993005134646,0.2704464756906833,안쪽
-0.24079434378419984,0.03935771941803757,안쪽
-1.9482351793380082,-3.502999414806168,바깥
-2.947910217916357,-2.6690798632085495,바깥
4.369592068579594,0.19182077595888283,바깥
-0.19250376347110842,-3.9611066183285866,바깥
3.5544942200170953,-1.703834011659767,바깥
-1.2375181779934865,1.494937109344565,중간
-0.24927644006753577,0.9304079303798287,안쪽
2.404364301057769,1.1744499393398664,중간
3.8498402467195643,1.7583035024107734,바깥
-0.17458603507175757,-0.33445934893119456,안쪽
3.395879368450787,-1.222011815765927,바깥
1.71904757630545,0.09773044603316997,중간
-0.6133196886439769,-2.2542323835170053,중간
-1.0101828503633703,1.731634361891574,중간
-1.955826562758073,-3.832166536751773,바깥
1.4851351505669674,0.8304802175583107,중간
-2.7613587550123375,-2.6368783531842084,바깥
1.8155417051464362,1.8821541867644973,중간
-3.5443028134374184,-0.122994669830021,바깥
2.4180998221421444,3.5057543468616386,바깥
0.31912550324133343,0.1828205291912085,안쪽
-1.030319446478222,3.4703959212390565,바깥
-2.632863135781148,-0.37600483409470725,중간
2.891388915450622,2.6859644750420943,바깥
0.5295117044633108,-2.0352255371617933,중간
-3.5919115236354506,-0.36877964772494165,바깥
-3.7695223517907963,-1.2870548638761352,바깥
0.02533435247893001,0.002074268281999219,안쪽
3.0070937517447205,2.344711456492273,바깥
0.09562711405016135,-0.3021506452263723,안쪽
-0.44090056890053625,-0.2534774866825986,안쪽
-0.6257333966929366,-2.1314968134232495,중간
-2.2159404261519837,1.5345981335310381,중간
2.5226082184311784,-3.4458450844368307,바깥
0.01114825950854809,-0.07503972855529839,안쪽
0.7134704282850896,-0.2228738461938701,안쪽
4.033367278460582,0.34760190808508384,바깥
-4.0633817458398065,-0.350842954808693,바깥
-0.36875936887408167,0.7396272514941684,안쪽
2.343750756724318,-1.337128147409482,중간
-3.0024728644090857,-3.0149561531853553,바깥
-1.3320169829457786,-3.495198043924997,바깥
-2.4628723848053076,-2.6685548415605287,바깥
0.31411164947651343,0.2851283654649,안쪽
1.8575167564712984,-0.17725453649103304,중간
-0.5275332070318948,-4.367816010285796,바깥
-0.32982314170193977,2.019341671470151,중간
-3.8056271093744605,-0.29693079854893,바깥
0.2888605386755795,0.3890014297846124,안쪽
2.4469957522983736,-3.0076665204197193,바깥
-3.4857428874475542,-1.8735298226323749,바깥
0.016048466370257294,-0.13916169750311835,안쪽
2.1071453219432525,3.151486761358357,바깥
1.621346609163191,0.7320972974823505,중간
-2.958863994620925,2.0020116664714434,바깥
1.7060103778788096,3.9058805382692534,바깥
3.0997232936567873,3.1212131799930916,바깥
0.019713600247721008,-0.0037718623391717336,안쪽
-1.1338388461904099,-3.279643268966017,바깥
1.5364214902492936,3.5405929021842812,바깥
0.9298040842501676,0.19684093572302022,안쪽
-4.214751149764578,1.2479766008834257,바깥
-3.5716618189532556,-2.377150747529007,바깥
0.3976666789547392,0.46198472887040715,안쪽
0.5576487829609693,1.7266711393766148,중간
3.73164801574676,-0.9633490137028908,바깥
-2.024544528601816,0.047599632625062116,중간
-3.9771676364263935,1.4549623454857286,바깥
-0.30920559945720705,-0.47977053926332996,안쪽
-3.1505267223266227,-2.9278739723841296,바깥
-0.308451515700292,-0.7567759159512865,안쪽
1.1142290102322499,1.4736263268516525,중간
-0.4327407555997203,-0.2572243904413722,안쪽
0.9292344244605496,3.3403946239906652,바깥
-0.696855709878833,3.6117567479688475,바깥
0.5855416351637419,0.679667427498149,안쪽
-0.35904656917666483,-0.02868552461997891,안쪽
-0.3775590993766127,-0.6624140502279086,안쪽
0.005351702768523431,-0.10298490957984092,안쪽
0.25072268773871176,-0.19561273973659615,안쪽
0.11280419155724368,-0.11575428971314658,안쪽
-1.486644996060057,1.238033376196133,중간
-1.9261364733873843,-0.22737190914740554,중간
-2.3991515375660803,-2.6772968807535023,바깥
-3.3846719475664933,0.7490439374131868,바깥
3.296124512954865,1.0805266184260993,바깥
3.266250760526391,-1.5669677544899832,바깥
-1.3714776136507516,2.0128348072606923,중간
0.9642537305468496,3.7869717666003746,바깥
-3.718047715006004,-1.6296468542751859,바깥
-1.5639862868910117,-0.8658022201832397,중간
0.583687665604518,-2.3159851556906776,중간
0.26762946941469934,0.1791911158611467,안쪽
0.5464748912716076,0.7779607224160952,안쪽
-0.6561407552900897,-3.458194994380143,바깥
-0.11238324673782868,0.10581991173445936,안쪽
3.582735400028383,-0.5149540334357159,바깥
-0.9242928743123252,-2.4990235136304593,중간
-3.87501541357575,-1.1062142882185797,바깥
-0.3399228577821584,2.585360244030068,중간
-3.7705024328187724,-0.1405905322498773,바깥
1.9668972585782074,-0.10727927872599075,중간
-2.443619812565637,3.5948591157940633,바깥
-0.5183879791780971,3.9740854887513497,바깥
1.8196033087336263,3.30429037259827,바깥
-0.12981243357042485,-0.19855800867221884,안쪽
0.6682055771571646,0.024188059181580134,안쪽
2.048905164020179,0.5114111178642435,중간
0.12441754886457991,-0.12062833375018743,안쪽
0.7418658906480766,-0.2691212443081678,안쪽
-0.4122637480247022,2.331638398202759,중간
1.6652396926661701,-0.602642248858772,중간
0.06363739796768204,-0.6785250488954176,안쪽
0.5765641838936091,2.0857067735911525,중간
-1.4244399799817498,3.296319839275899,바깥
-1.125648337899395,2.334913029220301,중간
2.5206816411207353,-0.43049949656366754,중간
-1.2495363756803581,-2.3672597754717097,중간
-0.9153619248156183,-1.7694762005697002,중간
-1.8419961600605745,-2.997983338264939,바깥
1.8990767377523385,-0.27628361912273797,중간
3.687378888639675,-0.17355289529959453,바깥
0.9242526375853972,-1.4873574506670573,중간
-0.06499191976421492,3.417506109773639,바깥
1.5833003821461193,-0.8575868637983795,중간
3.3973765841810493,0.7726434573458436,바깥
-3.3461347445914753,0.842720426455939,바깥
-2.9968951665613965,-2.7927328058041687,바깥
-1.707329423110966,1.847975984877816,중간
-0.7684670160991038,-0.4123815681135206,안쪽
1.2301484941044403,-1.20991927607438,중간
-0.04959646949068661,3.4140212139785193,바깥
-1.3413615699699653,-3.944692230908417,바깥
0.5845270697731623,-2.103254906376307,중간
-1.3351648153245643,-2.028522093786556,중간
-0.04603703213503636,0.9529396383221873,안쪽
0.43491132445154795,-3.7082115821596764,바깥
-0.14222822403296864,3.4034084855697273,바깥
2.2455422037815227,-3.0441922907821524,바깥
-3.4767831407624827,0.41088525956407707,바깥
0.13781136940653052,0.4741751970012361,안쪽
0.4615338085312115,-1.848953889332307,중간
-0.00985209309141946,-0.010699699112987626,안쪽
-1.9915162853312236,-0.9276375534023192,중간
-0.5560539892790113,-1.753993341088785,중간
-0.3896151999418059,-3.9534552258399067,바깥
2.5033695061622567,-0.7999779598003691,중간
-0.03600086061575486,-0.0948705014561322,안쪽
-0.21080913938947685,0.3065240005395902,안쪽
0.2899298107622497,2.060323759555448,중간
0.4208181251267627,-0.08335455049506481,안쪽
0.8553675484528012,-3.819488118904729,바깥
-2.496827044350646,0.09709439826885902,중간
-0.8404289544506045,-1.7892663245055174,중간
0.5947519647892981,-2.070654920561355,중간
-1.3200597350684202,-1.9469767065598083,중간
-1.036354303502105,3.459330151670408,바깥
4.048120134676621,0.3534789576722181,바깥
-0.7822241469236774,-1.5871314120916002,중간
3.824850771623148,0.000738242863468626,바깥
0.2931710000562483,0.099288015238071,안쪽
-0.613747319145522,-0.1854306215167945,안쪽
-3.0374086269775726,2.6016468340110275,바깥
0.25448929255598257,0.5894402723244655,안쪽
0.678882133256101,-3.342566573367589,바깥
0.6540431561688118,-3.403899038772512,바깥
-1.7036418211667301,-3.5715226681167325,바깥
4.170490388301816,0.6790783870115444,바깥
0.05638966241386307,-0.8125140707111318,안쪽
-0.37971790607196954,-0.5550634068037293,안쪽
-0.2037105018657045,3.7699691857156616,바깥
-0.3588352438788823,-0.20369245211878956,안쪽
2.1320804384440155,0.8835493654750881,중간
-1.7278620947487375,-1.8614747464444448,중간
-0.7994414635081736,-1.5089764063191062,중간
3.5022713056727874,2.4439127849617743,바깥
-0.14293732573019385,2.2937760185308984,중간
-1.6891184805385886,-0.6943498145637186,중간
-0.22806988137348108,0.16403758088796397,안쪽
3.4494212505706754,-0.07529849230752976,바깥
1.7938658268917735,0.5826010242967574,중간
-0.25277681424025095,-0.11421122035317845,안쪽
-0.27243332793212377,-0.07226476246686163,안쪽
3.538799066364502,-1.091433716384599,바깥
-0.11548325835527463,0.7349283660822189,안쪽
1.680520423992377,-3.076849986536694,바깥
0.5853453085971357,-0.032191390926243145,안쪽
-1.544474160421904,1.6912398147450556,중간
1.3262725670121498,1.3232895322817435,중간
-0.7033306973753767,0.021454910783861678,안쪽
-1.27420276976525,1.5356455194752714,중간
-2.5422157985595666,0.38080477001497043,중간
-0.4461428350235944,0.20889247026805371,안쪽
2.309186819831547,-0.5311540849609045,중간
3.7444608617528354,-0.10038018574372279,바깥
0.28303632212156343,-1.7622068496350651,중간
3.8216610897401067,1.8323492072609093,바깥
-0.0812408207537568,-0.021896637929691452,안쪽
-0.5040854861007849,-0.38171780952055645,안쪽
-0.9902911649004104,-2.293736631483394,중간
0.33224498830132076,0.053997294812846756,안쪽
2.090595594548168,1.375625364586502,중간
-1.7560284437496019,0.1762734089470246,중간
1.4169617748350647,-1.1444071884219424,중간
-2.2254901639404414,-0.5055933634454585,중간
-3.178194850421118,-2.468125058479865,바깥
2.5301632677599275,-3.5243015301788456,바깥
-0.9655812523547491,0.009902949093140257,안쪽
0.12361421529375695,0.08482193584317425,안쪽
1.31403918454546,1.929078186794497,중간
0.8429363088088848,1.7697974300008597,중간
3.387940015397283,2.0845815303126116,바깥
2.518348227141093,-0.3418740585885776,중간
2.0903615130591096,-3.767359424391209,바깥
0.24142819272209723,-0.9228716908547597,안쪽
-3.8716944173807697,-0.47951433114400793,바깥
0.08412235923515934,0.14650079935586363,안쪽
-0.47302758389143196,2.2861583429878287,중간
0.033512953156343,3.6527043836090107,바깥
3.252473844750243,-1.0732403158288442,바깥
-0.20938050191265614,-0.5554383911246319,안쪽
2.2287146117006276,-0.7011437386064449,중간
0.10794916628855325,-1.955643769288038,중간
-3.4120199375934273,-2.3401740449549076,바깥
-0.0976533028820109,-0.09518934704023965,안쪽
0.10173977247920953,-0.21941182582002133,안쪽
-3.657359258606279,-2.1804782571550754,바깥
-1.28001815270061,-1.5567332732955763,중간
1.1642427775961386,-3.6487430020763543,바깥
2.3263420617323067,0.21538315276100348,중간
-0.5237480391982817,0.06447055115993774,안쪽
-0.516709881506521,-0.16870273020529328,안쪽
0.0006525921092384648,3.831301650762455,바깥
0.13943478675865165,0.004059236526812444,안쪽
-0.10340393858106935,-0.05852625660512544,안쪽
1.1126597205758302,-1.4572704469172788,중간
0.8325562815262357,4.3106690635938705,바깥
2.4027148564123824,-0.6961675379555674,중간
0.28598608268757714,-2.0916349116968416,중간
1.3150006031154626,-1.2748042242284316,중간
-0.7838325524603271,0.24509200350208854,안쪽
3.2320794933673977,1.2783390563443167,바깥
0.2673668528842477,0.32054159094951,안쪽
-3.2942727286866815,-2.032756863218222,바깥
0.6370699872939326,2.0769856063142966,중간
-0.059173730176596294,-0.3510199675276917,안쪽
0.13305805917986546,-1.9207136261411113,중간
-0.22297116724964455,0.1786484111960262,안쪽
2.226397474923466,-2.722041660942391,바깥
-2.16432204850422,-3.3832498671552034,바깥
-2.415695343695301,-0.29026184387956355,중간
-0.03660873503313907,-2.279689862997684,중간
1.1518401030864185,1.6192534209883285,중간
2.2988760552327903,-0.0888997714750164,중간
